-- MySQL dump 10.13  Distrib 5.7.12, for Win64 (x86_64)
--
-- Host: 127.0.0.1    Database: tenant1
-- ------------------------------------------------------
-- Server version	5.7.13-log

/*!40101 SET @OLD_CHARACTER_SET_CLIENT=@@CHARACTER_SET_CLIENT */;
/*!40101 SET @OLD_CHARACTER_SET_RESULTS=@@CHARACTER_SET_RESULTS */;
/*!40101 SET @OLD_COLLATION_CONNECTION=@@COLLATION_CONNECTION */;
/*!40101 SET NAMES utf8 */;
/*!40103 SET @OLD_TIME_ZONE=@@TIME_ZONE */;
/*!40103 SET TIME_ZONE='+00:00' */;
/*!40014 SET @OLD_UNIQUE_CHECKS=@@UNIQUE_CHECKS, UNIQUE_CHECKS=0 */;
 SET @OLD_FOREIGN_KEY_CHECKS=@@FOREIGN_KEY_CHECKS, FOREIGN_KEY_CHECKS=0 ;
/*!40101 SET @OLD_SQL_MODE=@@SQL_MODE, SQL_MODE='NO_AUTO_VALUE_ON_ZERO' */;
/*!40111 SET @OLD_SQL_NOTES=@@SQL_NOTES, SQL_NOTES=0 */;


DROP TABLE IF EXISTS `administrador`;
/*!40101 SET @saved_cs_client     = @@character_set_client */;
/*!40101 SET character_set_client = utf8 */;
CREATE TABLE `administrador` (
  `id_administrador` int(11) NOT NULL AUTO_INCREMENT,
  `email` varchar(45) NOT NULL,
  `passowd` varchar(512) NOT NULL,
  `nombre` varchar(45) DEFAULT NULL,
  `apellido` varchar(45) DEFAULT NULL,
  `cedula` varchar(45) DEFAULT NULL,
  PRIMARY KEY (`id_administrador`)
) ENGINE=InnoDB AUTO_INCREMENT=2 DEFAULT CHARSET=utf8;
/*!40101 SET character_set_client = @saved_cs_client */;

--
-- Dumping data for table `administrador`
--

LOCK TABLES `administrador` WRITE;
/*!40000 ALTER TABLE `administrador` DISABLE KEYS */;
INSERT INTO `administrador` VALUES (1,'admin','8c6976e5b5410415bde908bd4dee15dfb167a9c873fc4bb8a81f6f2ab448a918','admin','admin','admin');
/*!40000 ALTER TABLE `administrador` ENABLE KEYS */;
UNLOCK TABLES;

--
-- Table structure for table `entrada`
--

DROP TABLE IF EXISTS `entrada`;
/*!40101 SET @saved_cs_client     = @@character_set_client */;
/*!40101 SET character_set_client = utf8 */;
CREATE TABLE `entrada` (
  `id_entrada` int(11) NOT NULL AUTO_INCREMENT,
  `numero_asiento` int(11) NOT NULL,
  `fecha_compra` date DEFAULT NULL,
  `precio` int(11) NOT NULL,
  `id_vendedor` int(11) DEFAULT NULL,
  `id_usuario` int(11) DEFAULT NULL,
  `id_portero` int(11) DEFAULT NULL,
  `id_espectaculo` int(11) NOT NULL,
  `id_sector` int(11) DEFAULT NULL,
  `id_realizacion_espectaculo` int(11) DEFAULT NULL,
  PRIMARY KEY (`id_entrada`),
  KEY `fk_entrada_espectaculo_idx` (`id_espectaculo`),
  KEY `fk_entrada_sector_idx` (`id_sector`),
  KEY `fk_realizacion_espectaculo` (`id_realizacion_espectaculo`),
  KEY `fk_entrada_usuario_idx` (`id_usuario`),
  KEY `fk_entrada_vendedor_idx` (`id_vendedor`),
  KEY `fk_entrada_portero_idx` (`id_portero`),
  CONSTRAINT `fk_entrada_espectaculo` FOREIGN KEY (`id_espectaculo`) REFERENCES `espectaculo` (`id_espectaculo`) ON DELETE NO ACTION ON UPDATE NO ACTION,
  CONSTRAINT `fk_entrada_portero` FOREIGN KEY (`id_portero`) REFERENCES `portero` (`id_portero`) ON DELETE NO ACTION ON UPDATE NO ACTION,
  CONSTRAINT `fk_entrada_sector` FOREIGN KEY (`id_sector`) REFERENCES `sector` (`id_sector`) ON DELETE NO ACTION ON UPDATE NO ACTION,
  CONSTRAINT `fk_entrada_usuario` FOREIGN KEY (`id_usuario`) REFERENCES `usuario` (`id_usuario`) ON DELETE NO ACTION ON UPDATE NO ACTION,
  CONSTRAINT `fk_entrada_vendedor` FOREIGN KEY (`id_vendedor`) REFERENCES `vendedor` (`id_vendedor`) ON DELETE NO ACTION ON UPDATE NO ACTION,
  CONSTRAINT `fk_realizacion_espectaculo` FOREIGN KEY (`id_realizacion_espectaculo`) REFERENCES `realizacion_espectaculo` (`id_realizacion_espectaculo`) ON DELETE NO ACTION ON UPDATE NO ACTION
) ENGINE=InnoDB AUTO_INCREMENT=1925 DEFAULT CHARSET=utf8;
/*!40101 SET character_set_client = @saved_cs_client */;

--
-- Dumping data for table `entrada`
--

LOCK TABLES `entrada` WRITE;
/*!40000 ALTER TABLE `entrada` DISABLE KEYS */;
INSERT INTO `entrada` VALUES (1,0,NULL,0,NULL,NULL,NULL,1,1,1),(2,1,NULL,0,NULL,NULL,NULL,1,1,1),(3,2,NULL,0,NULL,NULL,NULL,1,1,1),(4,3,NULL,0,NULL,NULL,NULL,1,1,1),(5,4,NULL,0,NULL,NULL,NULL,1,1,1),(6,5,NULL,0,NULL,NULL,NULL,1,1,1),(7,6,NULL,0,NULL,NULL,NULL,1,1,1),(8,7,NULL,0,NULL,NULL,NULL,1,1,1),(9,8,NULL,0,NULL,NULL,NULL,1,1,1),(10,9,NULL,0,NULL,NULL,NULL,1,1,1),(11,10,NULL,0,NULL,NULL,NULL,1,1,1),(12,11,NULL,0,NULL,NULL,NULL,1,1,1),(13,12,NULL,0,NULL,NULL,NULL,1,1,1),(14,13,NULL,0,NULL,NULL,NULL,1,1,1),(15,14,NULL,0,NULL,NULL,NULL,1,1,1),(16,15,NULL,0,NULL,NULL,NULL,1,1,1),(17,16,NULL,0,NULL,NULL,NULL,1,1,1),(18,17,NULL,0,NULL,NULL,NULL,1,1,1),(19,18,NULL,0,NULL,NULL,NULL,1,1,1),(20,19,NULL,0,NULL,NULL,NULL,1,1,1),(21,20,NULL,0,NULL,NULL,NULL,1,1,1),(22,21,NULL,0,NULL,NULL,NULL,1,1,1),(23,22,NULL,0,NULL,NULL,NULL,1,1,1),(24,23,NULL,0,NULL,NULL,NULL,1,1,1),(25,24,NULL,0,NULL,NULL,NULL,1,1,1),(26,25,NULL,0,NULL,NULL,NULL,1,1,1),(27,26,NULL,0,NULL,NULL,NULL,1,1,1),(28,27,NULL,0,NULL,NULL,NULL,1,1,1),(29,28,NULL,0,NULL,NULL,NULL,1,1,1),(30,29,NULL,0,NULL,NULL,NULL,1,1,1),(31,30,NULL,0,NULL,NULL,NULL,1,1,1),(32,31,NULL,0,NULL,NULL,NULL,1,1,1),(33,32,NULL,0,NULL,NULL,NULL,1,1,1),(34,33,NULL,0,NULL,NULL,NULL,1,1,1),(35,34,NULL,0,NULL,NULL,NULL,1,1,1),(36,35,NULL,0,NULL,NULL,NULL,1,1,1),(37,36,NULL,0,NULL,NULL,NULL,1,1,1),(38,37,NULL,0,NULL,NULL,NULL,1,1,1),(39,38,NULL,0,NULL,NULL,NULL,1,1,1),(40,39,NULL,0,NULL,NULL,NULL,1,1,1),(41,40,NULL,0,NULL,NULL,NULL,1,1,1),(42,41,NULL,0,NULL,NULL,NULL,1,1,1),(43,42,NULL,0,NULL,NULL,NULL,1,1,1),(44,43,NULL,0,NULL,NULL,NULL,1,1,1),(45,44,NULL,0,NULL,NULL,NULL,1,1,1),(46,45,NULL,0,NULL,NULL,NULL,1,1,1),(47,46,NULL,0,NULL,NULL,NULL,1,1,1),(48,47,NULL,0,NULL,NULL,NULL,1,1,1),(49,48,NULL,0,NULL,NULL,NULL,1,1,1),(50,49,NULL,0,NULL,NULL,NULL,1,1,1),(51,50,NULL,0,NULL,NULL,NULL,1,1,1),(52,51,NULL,0,NULL,NULL,NULL,1,1,1),(53,52,NULL,0,NULL,NULL,NULL,1,1,1),(54,53,NULL,0,NULL,NULL,NULL,1,1,1),(55,54,NULL,0,NULL,NULL,NULL,1,1,1),(56,55,NULL,0,NULL,NULL,NULL,1,1,1),(57,56,NULL,0,NULL,NULL,NULL,1,1,1),(58,57,NULL,0,NULL,NULL,NULL,1,1,1),(59,58,NULL,0,NULL,NULL,NULL,1,1,1),(60,59,NULL,0,NULL,NULL,NULL,1,1,1),(61,60,NULL,0,NULL,NULL,NULL,1,1,1),(62,61,NULL,0,NULL,NULL,NULL,1,1,1),(63,62,NULL,0,NULL,NULL,NULL,1,1,1),(64,63,NULL,0,NULL,NULL,NULL,1,1,1),(65,64,NULL,0,NULL,NULL,NULL,1,1,1),(66,65,NULL,0,NULL,NULL,NULL,1,1,1),(67,66,NULL,0,NULL,NULL,NULL,1,1,1),(68,67,NULL,0,NULL,NULL,NULL,1,1,1),(69,68,NULL,0,NULL,NULL,NULL,1,1,1),(70,69,NULL,0,NULL,NULL,NULL,1,1,1),(71,70,NULL,0,NULL,NULL,NULL,1,1,1),(72,71,NULL,0,NULL,NULL,NULL,1,1,1),(73,72,NULL,0,NULL,NULL,NULL,1,1,1),(74,73,NULL,0,NULL,NULL,NULL,1,1,1),(75,74,NULL,0,NULL,NULL,NULL,1,1,1),(76,75,NULL,0,NULL,NULL,NULL,1,1,1),(77,76,NULL,0,NULL,NULL,NULL,1,1,1),(78,77,NULL,0,NULL,NULL,NULL,1,1,1),(79,78,NULL,0,NULL,NULL,NULL,1,1,1),(80,79,NULL,0,NULL,NULL,NULL,1,1,1),(81,80,NULL,0,NULL,NULL,NULL,1,1,1),(82,81,NULL,0,NULL,NULL,NULL,1,1,1),(83,82,NULL,0,NULL,NULL,NULL,1,1,1),(84,83,NULL,0,NULL,NULL,NULL,1,1,1),(85,84,NULL,0,NULL,NULL,NULL,1,1,1),(86,85,NULL,0,NULL,NULL,NULL,1,1,1),(87,86,NULL,0,NULL,NULL,NULL,1,1,1),(88,87,NULL,0,NULL,NULL,NULL,1,1,1),(89,88,NULL,0,NULL,NULL,NULL,1,1,1),(90,89,NULL,0,NULL,NULL,NULL,1,1,1),(91,90,NULL,0,NULL,NULL,NULL,1,1,1),(92,91,NULL,0,NULL,NULL,NULL,1,1,1),(93,92,NULL,0,NULL,NULL,NULL,1,1,1),(94,93,NULL,0,NULL,NULL,NULL,1,1,1),(95,94,NULL,0,NULL,NULL,NULL,1,1,1),(96,95,NULL,0,NULL,NULL,NULL,1,1,1),(97,96,NULL,0,NULL,NULL,NULL,1,1,1),(98,97,NULL,0,NULL,NULL,NULL,1,1,1),(99,98,NULL,0,NULL,NULL,NULL,1,1,1),(100,99,NULL,0,NULL,NULL,NULL,1,1,1),(101,100,NULL,0,NULL,NULL,NULL,1,1,1),(102,101,NULL,0,NULL,NULL,NULL,1,1,1),(103,102,NULL,0,NULL,NULL,NULL,1,1,1),(104,103,NULL,0,NULL,NULL,NULL,1,1,1),(105,104,NULL,0,NULL,NULL,NULL,1,1,1),(106,105,NULL,0,NULL,NULL,NULL,1,1,1),(107,106,NULL,0,NULL,NULL,NULL,1,1,1),(108,107,NULL,0,NULL,NULL,NULL,1,1,1),(109,108,NULL,0,NULL,NULL,NULL,1,1,1),(110,109,NULL,0,NULL,NULL,NULL,1,1,1),(111,110,NULL,0,NULL,NULL,NULL,1,1,1),(112,111,NULL,0,NULL,NULL,NULL,1,1,1),(113,112,NULL,0,NULL,NULL,NULL,1,1,1),(114,113,NULL,0,NULL,NULL,NULL,1,1,1),(115,114,NULL,0,NULL,NULL,NULL,1,1,1),(116,115,NULL,0,NULL,NULL,NULL,1,1,1),(117,116,NULL,0,NULL,NULL,NULL,1,1,1),(118,117,NULL,0,NULL,NULL,NULL,1,1,1),(119,118,NULL,0,NULL,NULL,NULL,1,1,1),(120,119,NULL,0,NULL,NULL,NULL,1,1,1),(121,120,NULL,0,NULL,NULL,NULL,1,1,1),(122,121,NULL,0,NULL,NULL,NULL,1,1,1),(123,122,NULL,0,NULL,NULL,NULL,1,1,1),(124,123,NULL,0,NULL,NULL,NULL,1,1,1),(125,124,NULL,0,NULL,NULL,NULL,1,1,1),(126,125,NULL,0,NULL,NULL,NULL,1,1,1),(127,126,NULL,0,NULL,NULL,NULL,1,1,1),(128,127,NULL,0,NULL,NULL,NULL,1,1,1),(129,128,NULL,0,NULL,NULL,NULL,1,1,1),(130,129,NULL,0,NULL,NULL,NULL,1,1,1),(131,130,NULL,0,NULL,NULL,NULL,1,1,1),(132,131,NULL,0,NULL,NULL,NULL,1,1,1),(133,132,NULL,0,NULL,NULL,NULL,1,1,1),(134,133,NULL,0,NULL,NULL,NULL,1,1,1),(135,134,NULL,0,NULL,NULL,NULL,1,1,1),(136,135,NULL,0,NULL,NULL,NULL,1,1,1),(137,136,NULL,0,NULL,NULL,NULL,1,1,1),(138,137,NULL,0,NULL,NULL,NULL,1,1,1),(139,138,NULL,0,NULL,NULL,NULL,1,1,1),(140,139,NULL,0,NULL,NULL,NULL,1,1,1),(141,140,NULL,0,NULL,NULL,NULL,1,1,1),(142,141,NULL,0,NULL,NULL,NULL,1,1,1),(143,142,NULL,0,NULL,NULL,NULL,1,1,1),(144,143,NULL,0,NULL,NULL,NULL,1,1,1),(145,144,NULL,0,NULL,NULL,NULL,1,1,1),(146,145,NULL,0,NULL,NULL,NULL,1,1,1),(147,146,NULL,0,NULL,NULL,NULL,1,1,1),(148,147,NULL,0,NULL,NULL,NULL,1,1,1),(149,148,NULL,0,NULL,NULL,NULL,1,1,1),(150,149,NULL,0,NULL,NULL,NULL,1,1,1),(151,150,NULL,0,NULL,NULL,NULL,1,1,1),(152,151,NULL,0,NULL,NULL,NULL,1,1,1),(153,152,NULL,0,NULL,NULL,NULL,1,1,1),(154,153,NULL,0,NULL,NULL,NULL,1,1,1),(155,154,NULL,0,NULL,NULL,NULL,1,1,1),(156,155,NULL,0,NULL,NULL,NULL,1,1,1),(157,156,NULL,0,NULL,NULL,NULL,1,1,1),(158,157,NULL,0,NULL,NULL,NULL,1,1,1),(159,158,NULL,0,NULL,NULL,NULL,1,1,1),(160,159,NULL,0,NULL,NULL,NULL,1,1,1),(161,160,NULL,0,NULL,NULL,NULL,1,1,1),(162,161,NULL,0,NULL,NULL,NULL,1,1,1),(163,162,NULL,0,NULL,NULL,NULL,1,1,1),(164,163,NULL,0,NULL,NULL,NULL,1,1,1),(165,164,NULL,0,NULL,NULL,NULL,1,1,1),(166,165,NULL,0,NULL,NULL,NULL,1,1,1),(167,166,NULL,0,NULL,NULL,NULL,1,1,1),(168,167,NULL,0,NULL,NULL,NULL,1,1,1),(169,168,NULL,0,NULL,NULL,NULL,1,1,1),(170,169,NULL,0,NULL,NULL,NULL,1,1,1),(171,170,NULL,0,NULL,NULL,NULL,1,1,1),(172,171,NULL,0,NULL,NULL,NULL,1,1,1),(173,172,NULL,0,NULL,NULL,NULL,1,1,1),(174,173,NULL,0,NULL,NULL,NULL,1,1,1),(175,174,NULL,0,NULL,NULL,NULL,1,1,1),(176,175,NULL,0,NULL,NULL,NULL,1,1,1),(177,176,NULL,0,NULL,NULL,NULL,1,1,1),(178,177,NULL,0,NULL,NULL,NULL,1,1,1),(179,178,NULL,0,NULL,NULL,NULL,1,1,1),(180,179,NULL,0,NULL,NULL,NULL,1,1,1),(181,180,NULL,0,NULL,NULL,NULL,1,1,1),(182,181,NULL,0,NULL,NULL,NULL,1,1,1),(183,182,NULL,0,NULL,NULL,NULL,1,1,1),(184,183,NULL,0,NULL,NULL,NULL,1,1,1),(185,184,NULL,0,NULL,NULL,NULL,1,1,1),(186,185,NULL,0,NULL,NULL,NULL,1,1,1),(187,186,NULL,0,NULL,NULL,NULL,1,1,1),(188,187,NULL,0,NULL,NULL,NULL,1,1,1),(189,188,NULL,0,NULL,NULL,NULL,1,1,1),(190,189,NULL,0,NULL,NULL,NULL,1,1,1),(191,190,NULL,0,NULL,NULL,NULL,1,1,1),(192,191,NULL,0,NULL,NULL,NULL,1,1,1),(193,192,NULL,0,NULL,NULL,NULL,1,1,1),(194,193,NULL,0,NULL,NULL,NULL,1,1,1),(195,194,NULL,0,NULL,NULL,NULL,1,1,1),(196,195,NULL,0,NULL,NULL,NULL,1,1,1),(197,196,NULL,0,NULL,NULL,NULL,1,1,1),(198,197,NULL,0,NULL,NULL,NULL,1,1,1),(199,198,NULL,0,NULL,NULL,NULL,1,1,1),(200,199,NULL,0,NULL,NULL,NULL,1,1,1),(201,200,NULL,0,NULL,NULL,NULL,1,1,1),(202,201,NULL,0,NULL,NULL,NULL,1,1,1),(203,202,NULL,0,NULL,NULL,NULL,1,1,1),(204,203,NULL,0,NULL,NULL,NULL,1,1,1),(205,204,NULL,0,NULL,NULL,NULL,1,1,1),(206,205,NULL,0,NULL,NULL,NULL,1,1,1),(207,206,NULL,0,NULL,NULL,NULL,1,1,1),(208,207,NULL,0,NULL,NULL,NULL,1,1,1),(209,208,NULL,0,NULL,NULL,NULL,1,1,1),(210,209,NULL,0,NULL,NULL,NULL,1,1,1),(211,210,NULL,0,NULL,NULL,NULL,1,1,1),(212,211,NULL,0,NULL,NULL,NULL,1,1,1),(213,212,NULL,0,NULL,NULL,NULL,1,1,1),(214,213,NULL,0,NULL,NULL,NULL,1,1,1),(215,214,NULL,0,NULL,NULL,NULL,1,1,1),(216,215,NULL,0,NULL,NULL,NULL,1,1,1),(217,216,NULL,0,NULL,NULL,NULL,1,1,1),(218,217,NULL,0,NULL,NULL,NULL,1,1,1),(219,218,NULL,0,NULL,NULL,NULL,1,1,1),(220,219,NULL,0,NULL,NULL,NULL,1,1,1),(221,220,NULL,0,NULL,NULL,NULL,1,1,1),(222,221,NULL,0,NULL,NULL,NULL,1,1,1),(223,222,NULL,0,NULL,NULL,NULL,1,1,1),(224,223,NULL,0,NULL,NULL,NULL,1,1,1),(225,224,NULL,0,NULL,NULL,NULL,1,1,1),(226,225,NULL,0,NULL,NULL,NULL,1,1,1),(227,226,NULL,0,NULL,NULL,NULL,1,1,1),(228,227,NULL,0,NULL,NULL,NULL,1,1,1),(229,228,NULL,0,NULL,NULL,NULL,1,1,1),(230,229,NULL,0,NULL,NULL,NULL,1,1,1),(231,230,NULL,0,NULL,NULL,NULL,1,1,1),(232,231,NULL,0,NULL,NULL,NULL,1,1,1),(233,232,NULL,0,NULL,NULL,NULL,1,1,1),(234,233,NULL,0,NULL,NULL,NULL,1,1,1),(235,234,NULL,0,NULL,NULL,NULL,1,1,1),(236,235,NULL,0,NULL,NULL,NULL,1,1,1),(237,236,NULL,0,NULL,NULL,NULL,1,1,1),(238,237,NULL,0,NULL,NULL,NULL,1,1,1),(239,238,NULL,0,NULL,NULL,NULL,1,1,1),(240,239,NULL,0,NULL,NULL,NULL,1,1,1),(241,240,NULL,0,NULL,NULL,NULL,1,1,1),(242,241,NULL,0,NULL,NULL,NULL,1,1,1),(243,242,NULL,0,NULL,NULL,NULL,1,1,1),(244,243,NULL,0,NULL,NULL,NULL,1,1,1),(245,244,NULL,0,NULL,NULL,NULL,1,1,1),(246,245,NULL,0,NULL,NULL,NULL,1,1,1),(247,246,NULL,0,NULL,NULL,NULL,1,1,1),(248,247,NULL,0,NULL,NULL,NULL,1,1,1),(249,248,NULL,0,NULL,NULL,NULL,1,1,1),(250,249,NULL,0,NULL,NULL,NULL,1,1,1),(251,0,NULL,0,NULL,NULL,NULL,1,2,1),(252,1,NULL,0,NULL,NULL,NULL,1,2,1),(253,2,NULL,0,NULL,NULL,NULL,1,2,1),(254,3,NULL,0,NULL,NULL,NULL,1,2,1),(255,4,NULL,0,NULL,NULL,NULL,1,2,1),(256,5,NULL,0,NULL,NULL,NULL,1,2,1),(257,6,NULL,0,NULL,NULL,NULL,1,2,1),(258,7,NULL,0,NULL,NULL,NULL,1,2,1),(259,8,NULL,0,NULL,NULL,NULL,1,2,1),(260,9,NULL,0,NULL,NULL,NULL,1,2,1),(261,10,NULL,0,NULL,NULL,NULL,1,2,1),(262,11,NULL,0,NULL,NULL,NULL,1,2,1),(263,12,NULL,0,NULL,NULL,NULL,1,2,1),(264,13,NULL,0,NULL,NULL,NULL,1,2,1),(265,14,NULL,0,NULL,NULL,NULL,1,2,1),(266,15,NULL,0,NULL,NULL,NULL,1,2,1),(267,16,NULL,0,NULL,NULL,NULL,1,2,1),(268,17,NULL,0,NULL,NULL,NULL,1,2,1),(269,18,NULL,0,NULL,NULL,NULL,1,2,1),(270,19,NULL,0,NULL,NULL,NULL,1,2,1),(271,20,NULL,0,NULL,NULL,NULL,1,2,1),(272,21,NULL,0,NULL,NULL,NULL,1,2,1),(273,22,NULL,0,NULL,NULL,NULL,1,2,1),(274,23,NULL,0,NULL,NULL,NULL,1,2,1),(275,24,NULL,0,NULL,NULL,NULL,1,2,1),(276,25,NULL,0,NULL,NULL,NULL,1,2,1),(277,26,NULL,0,NULL,NULL,NULL,1,2,1),(278,27,NULL,0,NULL,NULL,NULL,1,2,1),(279,28,NULL,0,NULL,NULL,NULL,1,2,1),(280,29,NULL,0,NULL,NULL,NULL,1,2,1),(281,30,NULL,0,NULL,NULL,NULL,1,2,1),(282,31,NULL,0,NULL,NULL,NULL,1,2,1),(283,32,NULL,0,NULL,NULL,NULL,1,2,1),(284,33,NULL,0,NULL,NULL,NULL,1,2,1),(285,34,NULL,0,NULL,NULL,NULL,1,2,1),(286,35,NULL,0,NULL,NULL,NULL,1,2,1),(287,36,NULL,0,NULL,NULL,NULL,1,2,1),(288,37,NULL,0,NULL,NULL,NULL,1,2,1),(289,38,NULL,0,NULL,NULL,NULL,1,2,1),(290,39,NULL,0,NULL,NULL,NULL,1,2,1),(291,40,NULL,0,NULL,NULL,NULL,1,2,1),(292,41,NULL,0,NULL,NULL,NULL,1,2,1),(293,42,NULL,0,NULL,NULL,NULL,1,2,1),(294,43,NULL,0,NULL,NULL,NULL,1,2,1),(295,44,NULL,0,NULL,NULL,NULL,1,2,1),(296,45,NULL,0,NULL,NULL,NULL,1,2,1),(297,46,NULL,0,NULL,NULL,NULL,1,2,1),(298,47,NULL,0,NULL,NULL,NULL,1,2,1),(299,48,NULL,0,NULL,NULL,NULL,1,2,1),(300,49,NULL,0,NULL,NULL,NULL,1,2,1),(301,50,NULL,0,NULL,NULL,NULL,1,2,1),(302,51,NULL,0,NULL,NULL,NULL,1,2,1),(303,52,NULL,0,NULL,NULL,NULL,1,2,1),(304,53,NULL,0,NULL,NULL,NULL,1,2,1),(305,54,NULL,0,NULL,NULL,NULL,1,2,1),(306,55,NULL,0,NULL,NULL,NULL,1,2,1),(307,56,NULL,0,NULL,NULL,NULL,1,2,1),(308,57,NULL,0,NULL,NULL,NULL,1,2,1),(309,58,NULL,0,NULL,NULL,NULL,1,2,1),(310,59,NULL,0,NULL,NULL,NULL,1,2,1),(311,60,NULL,0,NULL,NULL,NULL,1,2,1),(312,61,NULL,0,NULL,NULL,NULL,1,2,1),(313,62,NULL,0,NULL,NULL,NULL,1,2,1),(314,63,NULL,0,NULL,NULL,NULL,1,2,1),(315,64,NULL,0,NULL,NULL,NULL,1,2,1),(316,65,NULL,0,NULL,NULL,NULL,1,2,1),(317,66,NULL,0,NULL,NULL,NULL,1,2,1),(318,67,NULL,0,NULL,NULL,NULL,1,2,1),(319,68,NULL,0,NULL,NULL,NULL,1,2,1),(320,69,NULL,0,NULL,NULL,NULL,1,2,1),(321,70,NULL,0,NULL,NULL,NULL,1,2,1),(322,71,NULL,0,NULL,NULL,NULL,1,2,1),(323,72,NULL,0,NULL,NULL,NULL,1,2,1),(324,73,NULL,0,NULL,NULL,NULL,1,2,1),(325,74,NULL,0,NULL,NULL,NULL,1,2,1),(326,75,NULL,0,NULL,NULL,NULL,1,2,1),(327,76,NULL,0,NULL,NULL,NULL,1,2,1),(328,77,NULL,0,NULL,NULL,NULL,1,2,1),(329,78,NULL,0,NULL,NULL,NULL,1,2,1),(330,79,NULL,0,NULL,NULL,NULL,1,2,1),(331,80,NULL,0,NULL,NULL,NULL,1,2,1),(332,81,NULL,0,NULL,NULL,NULL,1,2,1),(333,82,NULL,0,NULL,NULL,NULL,1,2,1),(334,83,NULL,0,NULL,NULL,NULL,1,2,1),(335,84,NULL,0,NULL,NULL,NULL,1,2,1),(336,85,NULL,0,NULL,NULL,NULL,1,2,1),(337,86,NULL,0,NULL,NULL,NULL,1,2,1),(338,87,NULL,0,NULL,NULL,NULL,1,2,1),(339,88,NULL,0,NULL,NULL,NULL,1,2,1),(340,89,NULL,0,NULL,NULL,NULL,1,2,1),(341,90,NULL,0,NULL,NULL,NULL,1,2,1),(342,91,NULL,0,NULL,NULL,NULL,1,2,1),(343,92,NULL,0,NULL,NULL,NULL,1,2,1),(344,93,NULL,0,NULL,NULL,NULL,1,2,1),(345,94,NULL,0,NULL,NULL,NULL,1,2,1),(346,95,NULL,0,NULL,NULL,NULL,1,2,1),(347,96,NULL,0,NULL,NULL,NULL,1,2,1),(348,97,NULL,0,NULL,NULL,NULL,1,2,1),(349,98,NULL,0,NULL,NULL,NULL,1,2,1),(350,99,NULL,0,NULL,NULL,NULL,1,2,1),(351,100,NULL,0,NULL,NULL,NULL,1,2,1),(352,101,NULL,0,NULL,NULL,NULL,1,2,1),(353,102,NULL,0,NULL,NULL,NULL,1,2,1),(354,103,NULL,0,NULL,NULL,NULL,1,2,1),(355,104,NULL,0,NULL,NULL,NULL,1,2,1),(356,105,NULL,0,NULL,NULL,NULL,1,2,1),(357,106,NULL,0,NULL,NULL,NULL,1,2,1),(358,107,NULL,0,NULL,NULL,NULL,1,2,1),(359,108,NULL,0,NULL,NULL,NULL,1,2,1),(360,109,NULL,0,NULL,NULL,NULL,1,2,1),(361,110,NULL,0,NULL,NULL,NULL,1,2,1),(362,111,NULL,0,NULL,NULL,NULL,1,2,1),(363,112,NULL,0,NULL,NULL,NULL,1,2,1),(364,113,NULL,0,NULL,NULL,NULL,1,2,1),(365,114,NULL,0,NULL,NULL,NULL,1,2,1),(366,115,NULL,0,NULL,NULL,NULL,1,2,1),(367,116,NULL,0,NULL,NULL,NULL,1,2,1),(368,117,NULL,0,NULL,NULL,NULL,1,2,1),(369,118,NULL,0,NULL,NULL,NULL,1,2,1),(370,119,NULL,0,NULL,NULL,NULL,1,2,1),(371,120,NULL,0,NULL,NULL,NULL,1,2,1),(372,121,NULL,0,NULL,NULL,NULL,1,2,1),(373,122,NULL,0,NULL,NULL,NULL,1,2,1),(374,123,NULL,0,NULL,NULL,NULL,1,2,1),(375,124,NULL,0,NULL,NULL,NULL,1,2,1),(376,125,NULL,0,NULL,NULL,NULL,1,2,1),(377,126,NULL,0,NULL,NULL,NULL,1,2,1),(378,127,NULL,0,NULL,NULL,NULL,1,2,1),(379,128,NULL,0,NULL,NULL,NULL,1,2,1),(380,129,NULL,0,NULL,NULL,NULL,1,2,1),(381,130,NULL,0,NULL,NULL,NULL,1,2,1),(382,131,NULL,0,NULL,NULL,NULL,1,2,1),(383,132,NULL,0,NULL,NULL,NULL,1,2,1),(384,133,NULL,0,NULL,NULL,NULL,1,2,1),(385,134,NULL,0,NULL,NULL,NULL,1,2,1),(386,135,NULL,0,NULL,NULL,NULL,1,2,1),(387,136,NULL,0,NULL,NULL,NULL,1,2,1),(388,137,NULL,0,NULL,NULL,NULL,1,2,1),(389,138,NULL,0,NULL,NULL,NULL,1,2,1),(390,139,NULL,0,NULL,NULL,NULL,1,2,1),(391,140,NULL,0,NULL,NULL,NULL,1,2,1),(392,141,NULL,0,NULL,NULL,NULL,1,2,1),(393,142,NULL,0,NULL,NULL,NULL,1,2,1),(394,143,NULL,0,NULL,NULL,NULL,1,2,1),(395,144,NULL,0,NULL,NULL,NULL,1,2,1),(396,145,NULL,0,NULL,NULL,NULL,1,2,1),(397,146,NULL,0,NULL,NULL,NULL,1,2,1),(398,147,NULL,0,NULL,NULL,NULL,1,2,1),(399,148,NULL,0,NULL,NULL,NULL,1,2,1),(400,149,NULL,0,NULL,NULL,NULL,1,2,1),(401,150,NULL,0,NULL,NULL,NULL,1,2,1),(402,151,NULL,0,NULL,NULL,NULL,1,2,1),(403,152,NULL,0,NULL,NULL,NULL,1,2,1),(404,153,NULL,0,NULL,NULL,NULL,1,2,1),(405,154,NULL,0,NULL,NULL,NULL,1,2,1),(406,155,NULL,0,NULL,NULL,NULL,1,2,1),(407,156,NULL,0,NULL,NULL,NULL,1,2,1),(408,157,NULL,0,NULL,NULL,NULL,1,2,1),(409,158,NULL,0,NULL,NULL,NULL,1,2,1),(410,159,NULL,0,NULL,NULL,NULL,1,2,1),(411,160,NULL,0,NULL,NULL,NULL,1,2,1),(412,161,NULL,0,NULL,NULL,NULL,1,2,1),(413,162,NULL,0,NULL,NULL,NULL,1,2,1),(414,163,NULL,0,NULL,NULL,NULL,1,2,1),(415,164,NULL,0,NULL,NULL,NULL,1,2,1),(416,165,NULL,0,NULL,NULL,NULL,1,2,1),(417,166,NULL,0,NULL,NULL,NULL,1,2,1),(418,167,NULL,0,NULL,NULL,NULL,1,2,1),(419,168,NULL,0,NULL,NULL,NULL,1,2,1),(420,169,NULL,0,NULL,NULL,NULL,1,2,1),(421,170,NULL,0,NULL,NULL,NULL,1,2,1),(422,171,NULL,0,NULL,NULL,NULL,1,2,1),(423,172,NULL,0,NULL,NULL,NULL,1,2,1),(424,173,NULL,0,NULL,NULL,NULL,1,2,1),(425,174,NULL,0,NULL,NULL,NULL,1,2,1),(426,175,NULL,0,NULL,NULL,NULL,1,2,1),(427,176,NULL,0,NULL,NULL,NULL,1,2,1),(428,177,NULL,0,NULL,NULL,NULL,1,2,1),(429,178,NULL,0,NULL,NULL,NULL,1,2,1),(430,179,NULL,0,NULL,NULL,NULL,1,2,1),(431,180,NULL,0,NULL,NULL,NULL,1,2,1),(432,181,NULL,0,NULL,NULL,NULL,1,2,1),(433,182,NULL,0,NULL,NULL,NULL,1,2,1),(434,183,NULL,0,NULL,NULL,NULL,1,2,1),(435,184,NULL,0,NULL,NULL,NULL,1,2,1),(436,185,NULL,0,NULL,NULL,NULL,1,2,1),(437,186,NULL,0,NULL,NULL,NULL,1,2,1),(438,187,NULL,0,NULL,NULL,NULL,1,2,1),(439,188,NULL,0,NULL,NULL,NULL,1,2,1),(440,189,NULL,0,NULL,NULL,NULL,1,2,1),(441,190,NULL,0,NULL,NULL,NULL,1,2,1),(442,191,NULL,0,NULL,NULL,NULL,1,2,1),(443,192,NULL,0,NULL,NULL,NULL,1,2,1),(444,193,NULL,0,NULL,NULL,NULL,1,2,1),(445,194,NULL,0,NULL,NULL,NULL,1,2,1),(446,195,NULL,0,NULL,NULL,NULL,1,2,1),(447,196,NULL,0,NULL,NULL,NULL,1,2,1),(448,197,NULL,0,NULL,NULL,NULL,1,2,1),(449,198,NULL,0,NULL,NULL,NULL,1,2,1),(450,199,NULL,0,NULL,NULL,NULL,1,2,1),(451,200,NULL,0,NULL,NULL,NULL,1,2,1),(452,201,NULL,0,NULL,NULL,NULL,1,2,1),(453,202,NULL,0,NULL,NULL,NULL,1,2,1),(454,203,NULL,0,NULL,NULL,NULL,1,2,1),(455,204,NULL,0,NULL,NULL,NULL,1,2,1),(456,205,NULL,0,NULL,NULL,NULL,1,2,1),(457,206,NULL,0,NULL,NULL,NULL,1,2,1),(458,207,NULL,0,NULL,NULL,NULL,1,2,1),(459,208,NULL,0,NULL,NULL,NULL,1,2,1),(460,209,NULL,0,NULL,NULL,NULL,1,2,1),(461,210,NULL,0,NULL,NULL,NULL,1,2,1),(462,211,NULL,0,NULL,NULL,NULL,1,2,1),(463,212,NULL,0,NULL,NULL,NULL,1,2,1),(464,213,NULL,0,NULL,NULL,NULL,1,2,1),(465,214,NULL,0,NULL,NULL,NULL,1,2,1),(466,215,NULL,0,NULL,NULL,NULL,1,2,1),(467,216,NULL,0,NULL,NULL,NULL,1,2,1),(468,217,NULL,0,NULL,NULL,NULL,1,2,1),(469,218,NULL,0,NULL,NULL,NULL,1,2,1),(470,219,NULL,0,NULL,NULL,NULL,1,2,1),(471,220,NULL,0,NULL,NULL,NULL,1,2,1),(472,221,NULL,0,NULL,NULL,NULL,1,2,1),(473,222,NULL,0,NULL,NULL,NULL,1,2,1),(474,223,NULL,0,NULL,NULL,NULL,1,2,1),(475,224,NULL,0,NULL,NULL,NULL,1,2,1),(476,225,NULL,0,NULL,NULL,NULL,1,2,1),(477,226,NULL,0,NULL,NULL,NULL,1,2,1),(478,227,NULL,0,NULL,NULL,NULL,1,2,1),(479,228,NULL,0,NULL,NULL,NULL,1,2,1),(480,229,NULL,0,NULL,NULL,NULL,1,2,1),(481,230,NULL,0,NULL,NULL,NULL,1,2,1),(482,231,NULL,0,NULL,NULL,NULL,1,2,1),(483,232,NULL,0,NULL,NULL,NULL,1,2,1),(484,233,NULL,0,NULL,NULL,NULL,1,2,1),(485,234,NULL,0,NULL,NULL,NULL,1,2,1),(486,235,NULL,0,NULL,NULL,NULL,1,2,1),(487,236,NULL,0,NULL,NULL,NULL,1,2,1),(488,237,NULL,0,NULL,NULL,NULL,1,2,1),(489,238,NULL,0,NULL,NULL,NULL,1,2,1),(490,239,NULL,0,NULL,NULL,NULL,1,2,1),(491,240,NULL,0,NULL,NULL,NULL,1,2,1),(492,241,NULL,0,NULL,NULL,NULL,1,2,1),(493,242,NULL,0,NULL,NULL,NULL,1,2,1),(494,243,NULL,0,NULL,NULL,NULL,1,2,1),(495,244,NULL,0,NULL,NULL,NULL,1,2,1),(496,245,NULL,0,NULL,NULL,NULL,1,2,1),(497,246,NULL,0,NULL,NULL,NULL,1,2,1),(498,247,NULL,0,NULL,NULL,NULL,1,2,1),(499,248,NULL,0,NULL,NULL,NULL,1,2,1),(500,249,NULL,0,NULL,NULL,NULL,1,2,1),(501,0,NULL,0,NULL,NULL,NULL,1,1,2),(502,1,NULL,0,NULL,NULL,NULL,1,1,2),(503,2,NULL,0,NULL,NULL,NULL,1,1,2),(504,3,NULL,0,NULL,NULL,NULL,1,1,2),(505,4,NULL,0,NULL,NULL,NULL,1,1,2),(506,5,NULL,0,NULL,NULL,NULL,1,1,2),(507,6,NULL,0,NULL,NULL,NULL,1,1,2),(508,7,NULL,0,NULL,NULL,NULL,1,1,2),(509,8,NULL,0,NULL,NULL,NULL,1,1,2),(510,9,NULL,0,NULL,NULL,NULL,1,1,2),(511,10,NULL,0,NULL,NULL,NULL,1,1,2),(512,11,NULL,0,NULL,NULL,NULL,1,1,2),(513,12,NULL,0,NULL,NULL,NULL,1,1,2),(514,13,NULL,0,NULL,NULL,NULL,1,1,2),(515,14,NULL,0,NULL,NULL,NULL,1,1,2),(516,15,NULL,0,NULL,NULL,NULL,1,1,2),(517,16,NULL,0,NULL,NULL,NULL,1,1,2),(518,17,NULL,0,NULL,NULL,NULL,1,1,2),(519,18,NULL,0,NULL,NULL,NULL,1,1,2),(520,19,NULL,0,NULL,NULL,NULL,1,1,2),(521,20,NULL,0,NULL,NULL,NULL,1,1,2),(522,21,NULL,0,NULL,NULL,NULL,1,1,2),(523,22,NULL,0,NULL,NULL,NULL,1,1,2),(524,23,NULL,0,NULL,NULL,NULL,1,1,2),(525,24,NULL,0,NULL,NULL,NULL,1,1,2),(526,25,NULL,0,NULL,NULL,NULL,1,1,2),(527,26,NULL,0,NULL,NULL,NULL,1,1,2),(528,27,NULL,0,NULL,NULL,NULL,1,1,2),(529,28,NULL,0,NULL,NULL,NULL,1,1,2),(530,29,NULL,0,NULL,NULL,NULL,1,1,2),(531,30,NULL,0,NULL,NULL,NULL,1,1,2),(532,31,NULL,0,NULL,NULL,NULL,1,1,2),(533,32,NULL,0,NULL,NULL,NULL,1,1,2),(534,33,NULL,0,NULL,NULL,NULL,1,1,2),(535,34,NULL,0,NULL,NULL,NULL,1,1,2),(536,35,NULL,0,NULL,NULL,NULL,1,1,2),(537,36,NULL,0,NULL,NULL,NULL,1,1,2),(538,37,NULL,0,NULL,NULL,NULL,1,1,2),(539,38,NULL,0,NULL,NULL,NULL,1,1,2),(540,39,NULL,0,NULL,NULL,NULL,1,1,2),(541,40,NULL,0,NULL,NULL,NULL,1,1,2),(542,41,NULL,0,NULL,NULL,NULL,1,1,2),(543,42,NULL,0,NULL,NULL,NULL,1,1,2),(544,43,NULL,0,NULL,NULL,NULL,1,1,2),(545,44,NULL,0,NULL,NULL,NULL,1,1,2),(546,45,NULL,0,NULL,NULL,NULL,1,1,2),(547,46,NULL,0,NULL,NULL,NULL,1,1,2),(548,47,NULL,0,NULL,NULL,NULL,1,1,2),(549,48,NULL,0,NULL,NULL,NULL,1,1,2),(550,49,NULL,0,NULL,NULL,NULL,1,1,2),(551,50,NULL,0,NULL,NULL,NULL,1,1,2),(552,51,NULL,0,NULL,NULL,NULL,1,1,2),(553,52,NULL,0,NULL,NULL,NULL,1,1,2),(554,53,NULL,0,NULL,NULL,NULL,1,1,2),(555,54,NULL,0,NULL,NULL,NULL,1,1,2),(556,55,NULL,0,NULL,NULL,NULL,1,1,2),(557,56,NULL,0,NULL,NULL,NULL,1,1,2),(558,57,NULL,0,NULL,NULL,NULL,1,1,2),(559,58,NULL,0,NULL,NULL,NULL,1,1,2),(560,59,NULL,0,NULL,NULL,NULL,1,1,2),(561,60,NULL,0,NULL,NULL,NULL,1,1,2),(562,61,NULL,0,NULL,NULL,NULL,1,1,2),(563,62,NULL,0,NULL,NULL,NULL,1,1,2),(564,63,NULL,0,NULL,NULL,NULL,1,1,2),(565,64,NULL,0,NULL,NULL,NULL,1,1,2),(566,65,NULL,0,NULL,NULL,NULL,1,1,2),(567,66,NULL,0,NULL,NULL,NULL,1,1,2),(568,67,NULL,0,NULL,NULL,NULL,1,1,2),(569,68,NULL,0,NULL,NULL,NULL,1,1,2),(570,69,NULL,0,NULL,NULL,NULL,1,1,2),(571,70,NULL,0,NULL,NULL,NULL,1,1,2),(572,71,NULL,0,NULL,NULL,NULL,1,1,2),(573,72,NULL,0,NULL,NULL,NULL,1,1,2),(574,73,NULL,0,NULL,NULL,NULL,1,1,2),(575,74,NULL,0,NULL,NULL,NULL,1,1,2),(576,75,NULL,0,NULL,NULL,NULL,1,1,2),(577,76,NULL,0,NULL,NULL,NULL,1,1,2),(578,77,NULL,0,NULL,NULL,NULL,1,1,2),(579,78,NULL,0,NULL,NULL,NULL,1,1,2),(580,79,NULL,0,NULL,NULL,NULL,1,1,2),(581,80,NULL,0,NULL,NULL,NULL,1,1,2),(582,81,NULL,0,NULL,NULL,NULL,1,1,2),(583,82,NULL,0,NULL,NULL,NULL,1,1,2),(584,83,NULL,0,NULL,NULL,NULL,1,1,2),(585,84,NULL,0,NULL,NULL,NULL,1,1,2),(586,85,NULL,0,NULL,NULL,NULL,1,1,2),(587,86,NULL,0,NULL,NULL,NULL,1,1,2),(588,87,NULL,0,NULL,NULL,NULL,1,1,2),(589,88,NULL,0,NULL,NULL,NULL,1,1,2),(590,89,NULL,0,NULL,NULL,NULL,1,1,2),(591,90,NULL,0,NULL,NULL,NULL,1,1,2),(592,91,NULL,0,NULL,NULL,NULL,1,1,2),(593,92,NULL,0,NULL,NULL,NULL,1,1,2),(594,93,NULL,0,NULL,NULL,NULL,1,1,2),(595,94,NULL,0,NULL,NULL,NULL,1,1,2),(596,95,NULL,0,NULL,NULL,NULL,1,1,2),(597,96,NULL,0,NULL,NULL,NULL,1,1,2),(598,97,NULL,0,NULL,NULL,NULL,1,1,2),(599,98,NULL,0,NULL,NULL,NULL,1,1,2),(600,99,NULL,0,NULL,NULL,NULL,1,1,2),(601,100,NULL,0,NULL,NULL,NULL,1,1,2),(602,101,NULL,0,NULL,NULL,NULL,1,1,2),(603,102,NULL,0,NULL,NULL,NULL,1,1,2),(604,103,NULL,0,NULL,NULL,NULL,1,1,2),(605,104,NULL,0,NULL,NULL,NULL,1,1,2),(606,105,NULL,0,NULL,NULL,NULL,1,1,2),(607,106,NULL,0,NULL,NULL,NULL,1,1,2),(608,107,NULL,0,NULL,NULL,NULL,1,1,2),(609,108,NULL,0,NULL,NULL,NULL,1,1,2),(610,109,NULL,0,NULL,NULL,NULL,1,1,2),(611,110,NULL,0,NULL,NULL,NULL,1,1,2),(612,111,NULL,0,NULL,NULL,NULL,1,1,2),(613,112,NULL,0,NULL,NULL,NULL,1,1,2),(614,113,NULL,0,NULL,NULL,NULL,1,1,2),(615,114,NULL,0,NULL,NULL,NULL,1,1,2),(616,115,NULL,0,NULL,NULL,NULL,1,1,2),(617,116,NULL,0,NULL,NULL,NULL,1,1,2),(618,117,NULL,0,NULL,NULL,NULL,1,1,2),(619,118,NULL,0,NULL,NULL,NULL,1,1,2),(620,119,NULL,0,NULL,NULL,NULL,1,1,2),(621,120,NULL,0,NULL,NULL,NULL,1,1,2),(622,121,NULL,0,NULL,NULL,NULL,1,1,2),(623,122,NULL,0,NULL,NULL,NULL,1,1,2),(624,123,NULL,0,NULL,NULL,NULL,1,1,2),(625,124,NULL,0,NULL,NULL,NULL,1,1,2),(626,125,NULL,0,NULL,NULL,NULL,1,1,2),(627,126,NULL,0,NULL,NULL,NULL,1,1,2),(628,127,NULL,0,NULL,NULL,NULL,1,1,2),(629,128,NULL,0,NULL,NULL,NULL,1,1,2),(630,129,NULL,0,NULL,NULL,NULL,1,1,2),(631,130,NULL,0,NULL,NULL,NULL,1,1,2),(632,131,NULL,0,NULL,NULL,NULL,1,1,2),(633,132,NULL,0,NULL,NULL,NULL,1,1,2),(634,133,NULL,0,NULL,NULL,NULL,1,1,2),(635,134,NULL,0,NULL,NULL,NULL,1,1,2),(636,135,NULL,0,NULL,NULL,NULL,1,1,2),(637,136,NULL,0,NULL,NULL,NULL,1,1,2),(638,137,NULL,0,NULL,NULL,NULL,1,1,2),(639,138,NULL,0,NULL,NULL,NULL,1,1,2),(640,139,NULL,0,NULL,NULL,NULL,1,1,2),(641,140,NULL,0,NULL,NULL,NULL,1,1,2),(642,141,NULL,0,NULL,NULL,NULL,1,1,2),(643,142,NULL,0,NULL,NULL,NULL,1,1,2),(644,143,NULL,0,NULL,NULL,NULL,1,1,2),(645,144,NULL,0,NULL,NULL,NULL,1,1,2),(646,145,NULL,0,NULL,NULL,NULL,1,1,2),(647,146,NULL,0,NULL,NULL,NULL,1,1,2),(648,147,NULL,0,NULL,NULL,NULL,1,1,2),(649,148,NULL,0,NULL,NULL,NULL,1,1,2),(650,149,NULL,0,NULL,NULL,NULL,1,1,2),(651,150,NULL,0,NULL,NULL,NULL,1,1,2),(652,151,NULL,0,NULL,NULL,NULL,1,1,2),(653,152,NULL,0,NULL,NULL,NULL,1,1,2),(654,153,NULL,0,NULL,NULL,NULL,1,1,2),(655,154,NULL,0,NULL,NULL,NULL,1,1,2),(656,155,NULL,0,NULL,NULL,NULL,1,1,2),(657,156,NULL,0,NULL,NULL,NULL,1,1,2),(658,157,NULL,0,NULL,NULL,NULL,1,1,2),(659,158,NULL,0,NULL,NULL,NULL,1,1,2),(660,159,NULL,0,NULL,NULL,NULL,1,1,2),(661,160,NULL,0,NULL,NULL,NULL,1,1,2),(662,161,NULL,0,NULL,NULL,NULL,1,1,2),(663,162,NULL,0,NULL,NULL,NULL,1,1,2),(664,163,NULL,0,NULL,NULL,NULL,1,1,2),(665,164,NULL,0,NULL,NULL,NULL,1,1,2),(666,165,NULL,0,NULL,NULL,NULL,1,1,2),(667,166,NULL,0,NULL,NULL,NULL,1,1,2),(668,167,NULL,0,NULL,NULL,NULL,1,1,2),(669,168,NULL,0,NULL,NULL,NULL,1,1,2),(670,169,NULL,0,NULL,NULL,NULL,1,1,2),(671,170,NULL,0,NULL,NULL,NULL,1,1,2),(672,171,NULL,0,NULL,NULL,NULL,1,1,2),(673,172,NULL,0,NULL,NULL,NULL,1,1,2),(674,173,NULL,0,NULL,NULL,NULL,1,1,2),(675,174,NULL,0,NULL,NULL,NULL,1,1,2),(676,175,NULL,0,NULL,NULL,NULL,1,1,2),(677,176,NULL,0,NULL,NULL,NULL,1,1,2),(678,177,NULL,0,NULL,NULL,NULL,1,1,2),(679,178,NULL,0,NULL,NULL,NULL,1,1,2),(680,179,NULL,0,NULL,NULL,NULL,1,1,2),(681,180,NULL,0,NULL,NULL,NULL,1,1,2),(682,181,NULL,0,NULL,NULL,NULL,1,1,2),(683,182,NULL,0,NULL,NULL,NULL,1,1,2),(684,183,NULL,0,NULL,NULL,NULL,1,1,2),(685,184,NULL,0,NULL,NULL,NULL,1,1,2),(686,185,NULL,0,NULL,NULL,NULL,1,1,2),(687,186,NULL,0,NULL,NULL,NULL,1,1,2),(688,187,NULL,0,NULL,NULL,NULL,1,1,2),(689,188,NULL,0,NULL,NULL,NULL,1,1,2),(690,189,NULL,0,NULL,NULL,NULL,1,1,2),(691,190,NULL,0,NULL,NULL,NULL,1,1,2),(692,191,NULL,0,NULL,NULL,NULL,1,1,2),(693,192,NULL,0,NULL,NULL,NULL,1,1,2),(694,193,NULL,0,NULL,NULL,NULL,1,1,2),(695,194,NULL,0,NULL,NULL,NULL,1,1,2),(696,195,NULL,0,NULL,NULL,NULL,1,1,2),(697,196,NULL,0,NULL,NULL,NULL,1,1,2),(698,197,NULL,0,NULL,NULL,NULL,1,1,2),(699,198,NULL,0,NULL,NULL,NULL,1,1,2),(700,199,NULL,0,NULL,NULL,NULL,1,1,2),(701,200,NULL,0,NULL,NULL,NULL,1,1,2),(702,201,NULL,0,NULL,NULL,NULL,1,1,2),(703,202,NULL,0,NULL,NULL,NULL,1,1,2),(704,203,NULL,0,NULL,NULL,NULL,1,1,2),(705,204,NULL,0,NULL,NULL,NULL,1,1,2),(706,205,NULL,0,NULL,NULL,NULL,1,1,2),(707,206,NULL,0,NULL,NULL,NULL,1,1,2),(708,207,NULL,0,NULL,NULL,NULL,1,1,2),(709,208,NULL,0,NULL,NULL,NULL,1,1,2),(710,209,NULL,0,NULL,NULL,NULL,1,1,2),(711,210,NULL,0,NULL,NULL,NULL,1,1,2),(712,211,NULL,0,NULL,NULL,NULL,1,1,2),(713,212,NULL,0,NULL,NULL,NULL,1,1,2),(714,213,NULL,0,NULL,NULL,NULL,1,1,2),(715,214,NULL,0,NULL,NULL,NULL,1,1,2),(716,215,NULL,0,NULL,NULL,NULL,1,1,2),(717,216,NULL,0,NULL,NULL,NULL,1,1,2),(718,217,NULL,0,NULL,NULL,NULL,1,1,2),(719,218,NULL,0,NULL,NULL,NULL,1,1,2),(720,219,NULL,0,NULL,NULL,NULL,1,1,2),(721,220,NULL,0,NULL,NULL,NULL,1,1,2),(722,221,NULL,0,NULL,NULL,NULL,1,1,2),(723,222,NULL,0,NULL,NULL,NULL,1,1,2),(724,223,NULL,0,NULL,NULL,NULL,1,1,2),(725,224,NULL,0,NULL,NULL,NULL,1,1,2),(726,225,NULL,0,NULL,NULL,NULL,1,1,2),(727,226,NULL,0,NULL,NULL,NULL,1,1,2),(728,227,NULL,0,NULL,NULL,NULL,1,1,2),(729,228,NULL,0,NULL,NULL,NULL,1,1,2),(730,229,NULL,0,NULL,NULL,NULL,1,1,2),(731,230,NULL,0,NULL,NULL,NULL,1,1,2),(732,231,NULL,0,NULL,NULL,NULL,1,1,2),(733,232,NULL,0,NULL,NULL,NULL,1,1,2),(734,233,NULL,0,NULL,NULL,NULL,1,1,2),(735,234,NULL,0,NULL,NULL,NULL,1,1,2),(736,235,NULL,0,NULL,NULL,NULL,1,1,2),(737,236,NULL,0,NULL,NULL,NULL,1,1,2),(738,237,NULL,0,NULL,NULL,NULL,1,1,2),(739,238,NULL,0,NULL,NULL,NULL,1,1,2),(740,239,NULL,0,NULL,NULL,NULL,1,1,2),(741,240,NULL,0,NULL,NULL,NULL,1,1,2),(742,241,NULL,0,NULL,NULL,NULL,1,1,2),(743,242,NULL,0,NULL,NULL,NULL,1,1,2),(744,243,NULL,0,NULL,NULL,NULL,1,1,2),(745,244,NULL,0,NULL,NULL,NULL,1,1,2),(746,245,NULL,0,NULL,NULL,NULL,1,1,2),(747,246,NULL,0,NULL,NULL,NULL,1,1,2),(748,247,NULL,0,NULL,NULL,NULL,1,1,2),(749,248,NULL,0,NULL,NULL,NULL,1,1,2),(750,249,NULL,0,NULL,NULL,NULL,1,1,2),(751,0,NULL,0,NULL,NULL,NULL,1,2,2),(752,1,NULL,0,NULL,NULL,NULL,1,2,2),(753,2,NULL,0,NULL,NULL,NULL,1,2,2),(754,3,NULL,0,NULL,NULL,NULL,1,2,2),(755,4,NULL,0,NULL,NULL,NULL,1,2,2),(756,5,NULL,0,NULL,NULL,NULL,1,2,2),(757,6,NULL,0,NULL,NULL,NULL,1,2,2),(758,7,NULL,0,NULL,NULL,NULL,1,2,2),(759,8,NULL,0,NULL,NULL,NULL,1,2,2),(760,9,NULL,0,NULL,NULL,NULL,1,2,2),(761,10,NULL,0,NULL,NULL,NULL,1,2,2),(762,11,NULL,0,NULL,NULL,NULL,1,2,2),(763,12,NULL,0,NULL,NULL,NULL,1,2,2),(764,13,NULL,0,NULL,NULL,NULL,1,2,2),(765,14,NULL,0,NULL,NULL,NULL,1,2,2),(766,15,NULL,0,NULL,NULL,NULL,1,2,2),(767,16,NULL,0,NULL,NULL,NULL,1,2,2),(768,17,NULL,0,NULL,NULL,NULL,1,2,2),(769,18,NULL,0,NULL,NULL,NULL,1,2,2),(770,19,NULL,0,NULL,NULL,NULL,1,2,2),(771,20,NULL,0,NULL,NULL,NULL,1,2,2),(772,21,NULL,0,NULL,NULL,NULL,1,2,2),(773,22,NULL,0,NULL,NULL,NULL,1,2,2),(774,23,NULL,0,NULL,NULL,NULL,1,2,2),(775,24,NULL,0,NULL,NULL,NULL,1,2,2),(776,25,NULL,0,NULL,NULL,NULL,1,2,2),(777,26,NULL,0,NULL,NULL,NULL,1,2,2),(778,27,NULL,0,NULL,NULL,NULL,1,2,2),(779,28,NULL,0,NULL,NULL,NULL,1,2,2),(780,29,NULL,0,NULL,NULL,NULL,1,2,2),(781,30,NULL,0,NULL,NULL,NULL,1,2,2),(782,31,NULL,0,NULL,NULL,NULL,1,2,2),(783,32,NULL,0,NULL,NULL,NULL,1,2,2),(784,33,NULL,0,NULL,NULL,NULL,1,2,2),(785,34,NULL,0,NULL,NULL,NULL,1,2,2),(786,35,NULL,0,NULL,NULL,NULL,1,2,2),(787,36,NULL,0,NULL,NULL,NULL,1,2,2),(788,37,NULL,0,NULL,NULL,NULL,1,2,2),(789,38,NULL,0,NULL,NULL,NULL,1,2,2),(790,39,NULL,0,NULL,NULL,NULL,1,2,2),(791,40,NULL,0,NULL,NULL,NULL,1,2,2),(792,41,NULL,0,NULL,NULL,NULL,1,2,2),(793,42,NULL,0,NULL,NULL,NULL,1,2,2),(794,43,NULL,0,NULL,NULL,NULL,1,2,2),(795,44,NULL,0,NULL,NULL,NULL,1,2,2),(796,45,NULL,0,NULL,NULL,NULL,1,2,2),(797,46,NULL,0,NULL,NULL,NULL,1,2,2),(798,47,NULL,0,NULL,NULL,NULL,1,2,2),(799,48,NULL,0,NULL,NULL,NULL,1,2,2),(800,49,NULL,0,NULL,NULL,NULL,1,2,2),(801,50,NULL,0,NULL,NULL,NULL,1,2,2),(802,51,NULL,0,NULL,NULL,NULL,1,2,2),(803,52,NULL,0,NULL,NULL,NULL,1,2,2),(804,53,NULL,0,NULL,NULL,NULL,1,2,2),(805,54,NULL,0,NULL,NULL,NULL,1,2,2),(806,55,NULL,0,NULL,NULL,NULL,1,2,2),(807,56,NULL,0,NULL,NULL,NULL,1,2,2),(808,57,NULL,0,NULL,NULL,NULL,1,2,2),(809,58,NULL,0,NULL,NULL,NULL,1,2,2),(810,59,NULL,0,NULL,NULL,NULL,1,2,2),(811,60,NULL,0,NULL,NULL,NULL,1,2,2),(812,61,NULL,0,NULL,NULL,NULL,1,2,2),(813,62,NULL,0,NULL,NULL,NULL,1,2,2),(814,63,NULL,0,NULL,NULL,NULL,1,2,2),(815,64,NULL,0,NULL,NULL,NULL,1,2,2),(816,65,NULL,0,NULL,NULL,NULL,1,2,2),(817,66,NULL,0,NULL,NULL,NULL,1,2,2),(818,67,NULL,0,NULL,NULL,NULL,1,2,2),(819,68,NULL,0,NULL,NULL,NULL,1,2,2),(820,69,NULL,0,NULL,NULL,NULL,1,2,2),(821,70,NULL,0,NULL,NULL,NULL,1,2,2),(822,71,NULL,0,NULL,NULL,NULL,1,2,2),(823,72,NULL,0,NULL,NULL,NULL,1,2,2),(824,73,NULL,0,NULL,NULL,NULL,1,2,2),(825,74,NULL,0,NULL,NULL,NULL,1,2,2),(826,75,NULL,0,NULL,NULL,NULL,1,2,2),(827,76,NULL,0,NULL,NULL,NULL,1,2,2),(828,77,NULL,0,NULL,NULL,NULL,1,2,2),(829,78,NULL,0,NULL,NULL,NULL,1,2,2),(830,79,NULL,0,NULL,NULL,NULL,1,2,2),(831,80,NULL,0,NULL,NULL,NULL,1,2,2),(832,81,NULL,0,NULL,NULL,NULL,1,2,2),(833,82,NULL,0,NULL,NULL,NULL,1,2,2),(834,83,NULL,0,NULL,NULL,NULL,1,2,2),(835,84,NULL,0,NULL,NULL,NULL,1,2,2),(836,85,NULL,0,NULL,NULL,NULL,1,2,2),(837,86,NULL,0,NULL,NULL,NULL,1,2,2),(838,87,NULL,0,NULL,NULL,NULL,1,2,2),(839,88,NULL,0,NULL,NULL,NULL,1,2,2),(840,89,NULL,0,NULL,NULL,NULL,1,2,2),(841,90,NULL,0,NULL,NULL,NULL,1,2,2),(842,91,NULL,0,NULL,NULL,NULL,1,2,2),(843,92,NULL,0,NULL,NULL,NULL,1,2,2),(844,93,NULL,0,NULL,NULL,NULL,1,2,2),(845,94,NULL,0,NULL,NULL,NULL,1,2,2),(846,95,NULL,0,NULL,NULL,NULL,1,2,2),(847,96,NULL,0,NULL,NULL,NULL,1,2,2),(848,97,NULL,0,NULL,NULL,NULL,1,2,2),(849,98,NULL,0,NULL,NULL,NULL,1,2,2),(850,99,NULL,0,NULL,NULL,NULL,1,2,2),(851,100,NULL,0,NULL,NULL,NULL,1,2,2),(852,101,NULL,0,NULL,NULL,NULL,1,2,2),(853,102,NULL,0,NULL,NULL,NULL,1,2,2),(854,103,NULL,0,NULL,NULL,NULL,1,2,2),(855,104,NULL,0,NULL,NULL,NULL,1,2,2),(856,105,NULL,0,NULL,NULL,NULL,1,2,2),(857,106,NULL,0,NULL,NULL,NULL,1,2,2),(858,107,NULL,0,NULL,NULL,NULL,1,2,2),(859,108,NULL,0,NULL,NULL,NULL,1,2,2),(860,109,NULL,0,NULL,NULL,NULL,1,2,2),(861,110,NULL,0,NULL,NULL,NULL,1,2,2),(862,111,NULL,0,NULL,NULL,NULL,1,2,2),(863,112,NULL,0,NULL,NULL,NULL,1,2,2),(864,113,NULL,0,NULL,NULL,NULL,1,2,2),(865,114,NULL,0,NULL,NULL,NULL,1,2,2),(866,115,NULL,0,NULL,NULL,NULL,1,2,2),(867,116,NULL,0,NULL,NULL,NULL,1,2,2),(868,117,NULL,0,NULL,NULL,NULL,1,2,2),(869,118,NULL,0,NULL,NULL,NULL,1,2,2),(870,119,NULL,0,NULL,NULL,NULL,1,2,2),(871,120,NULL,0,NULL,NULL,NULL,1,2,2),(872,121,NULL,0,NULL,NULL,NULL,1,2,2),(873,122,NULL,0,NULL,NULL,NULL,1,2,2),(874,123,NULL,0,NULL,NULL,NULL,1,2,2),(875,124,NULL,0,NULL,NULL,NULL,1,2,2),(876,125,NULL,0,NULL,NULL,NULL,1,2,2),(877,126,NULL,0,NULL,NULL,NULL,1,2,2),(878,127,NULL,0,NULL,NULL,NULL,1,2,2),(879,128,NULL,0,NULL,NULL,NULL,1,2,2),(880,129,NULL,0,NULL,NULL,NULL,1,2,2),(881,130,NULL,0,NULL,NULL,NULL,1,2,2),(882,131,NULL,0,NULL,NULL,NULL,1,2,2),(883,132,NULL,0,NULL,NULL,NULL,1,2,2),(884,133,NULL,0,NULL,NULL,NULL,1,2,2),(885,134,NULL,0,NULL,NULL,NULL,1,2,2),(886,135,NULL,0,NULL,NULL,NULL,1,2,2),(887,136,NULL,0,NULL,NULL,NULL,1,2,2),(888,137,NULL,0,NULL,NULL,NULL,1,2,2),(889,138,NULL,0,NULL,NULL,NULL,1,2,2),(890,139,NULL,0,NULL,NULL,NULL,1,2,2),(891,140,NULL,0,NULL,NULL,NULL,1,2,2),(892,141,NULL,0,NULL,NULL,NULL,1,2,2),(893,142,NULL,0,NULL,NULL,NULL,1,2,2),(894,143,NULL,0,NULL,NULL,NULL,1,2,2),(895,144,NULL,0,NULL,NULL,NULL,1,2,2),(896,145,NULL,0,NULL,NULL,NULL,1,2,2),(897,146,NULL,0,NULL,NULL,NULL,1,2,2),(898,147,NULL,0,NULL,NULL,NULL,1,2,2),(899,148,NULL,0,NULL,NULL,NULL,1,2,2),(900,149,NULL,0,NULL,NULL,NULL,1,2,2),(901,150,NULL,0,NULL,NULL,NULL,1,2,2),(902,151,NULL,0,NULL,NULL,NULL,1,2,2),(903,152,NULL,0,NULL,NULL,NULL,1,2,2),(904,153,NULL,0,NULL,NULL,NULL,1,2,2),(905,154,NULL,0,NULL,NULL,NULL,1,2,2),(906,155,NULL,0,NULL,NULL,NULL,1,2,2),(907,156,NULL,0,NULL,NULL,NULL,1,2,2),(908,157,NULL,0,NULL,NULL,NULL,1,2,2),(909,158,NULL,0,NULL,NULL,NULL,1,2,2),(910,159,NULL,0,NULL,NULL,NULL,1,2,2),(911,160,NULL,0,NULL,NULL,NULL,1,2,2),(912,161,NULL,0,NULL,NULL,NULL,1,2,2),(913,162,NULL,0,NULL,NULL,NULL,1,2,2),(914,163,NULL,0,NULL,NULL,NULL,1,2,2),(915,164,NULL,0,NULL,NULL,NULL,1,2,2),(916,165,NULL,0,NULL,NULL,NULL,1,2,2),(917,166,NULL,0,NULL,NULL,NULL,1,2,2),(918,167,NULL,0,NULL,NULL,NULL,1,2,2),(919,168,NULL,0,NULL,NULL,NULL,1,2,2),(920,169,NULL,0,NULL,NULL,NULL,1,2,2),(921,170,NULL,0,NULL,NULL,NULL,1,2,2),(922,171,NULL,0,NULL,NULL,NULL,1,2,2),(923,172,NULL,0,NULL,NULL,NULL,1,2,2),(924,173,NULL,0,NULL,NULL,NULL,1,2,2),(925,174,NULL,0,NULL,NULL,NULL,1,2,2),(926,175,NULL,0,NULL,NULL,NULL,1,2,2),(927,176,NULL,0,NULL,NULL,NULL,1,2,2),(928,177,NULL,0,NULL,NULL,NULL,1,2,2),(929,178,NULL,0,NULL,NULL,NULL,1,2,2),(930,179,NULL,0,NULL,NULL,NULL,1,2,2),(931,180,NULL,0,NULL,NULL,NULL,1,2,2),(932,181,NULL,0,NULL,NULL,NULL,1,2,2),(933,182,NULL,0,NULL,NULL,NULL,1,2,2),(934,183,NULL,0,NULL,NULL,NULL,1,2,2),(935,184,NULL,0,NULL,NULL,NULL,1,2,2),(936,185,NULL,0,NULL,NULL,NULL,1,2,2),(937,186,NULL,0,NULL,NULL,NULL,1,2,2),(938,187,NULL,0,NULL,NULL,NULL,1,2,2),(939,188,NULL,0,NULL,NULL,NULL,1,2,2),(940,189,NULL,0,NULL,NULL,NULL,1,2,2),(941,190,NULL,0,NULL,NULL,NULL,1,2,2),(942,191,NULL,0,NULL,NULL,NULL,1,2,2),(943,192,NULL,0,NULL,NULL,NULL,1,2,2),(944,193,NULL,0,NULL,NULL,NULL,1,2,2),(945,194,NULL,0,NULL,NULL,NULL,1,2,2),(946,195,NULL,0,NULL,NULL,NULL,1,2,2),(947,196,NULL,0,NULL,NULL,NULL,1,2,2),(948,197,NULL,0,NULL,NULL,NULL,1,2,2),(949,198,NULL,0,NULL,NULL,NULL,1,2,2),(950,199,NULL,0,NULL,NULL,NULL,1,2,2),(951,200,NULL,0,NULL,NULL,NULL,1,2,2),(952,201,NULL,0,NULL,NULL,NULL,1,2,2),(953,202,NULL,0,NULL,NULL,NULL,1,2,2),(954,203,NULL,0,NULL,NULL,NULL,1,2,2),(955,204,NULL,0,NULL,NULL,NULL,1,2,2),(956,205,NULL,0,NULL,NULL,NULL,1,2,2),(957,206,NULL,0,NULL,NULL,NULL,1,2,2),(958,207,NULL,0,NULL,NULL,NULL,1,2,2),(959,208,NULL,0,NULL,NULL,NULL,1,2,2),(960,209,NULL,0,NULL,NULL,NULL,1,2,2),(961,210,NULL,0,NULL,NULL,NULL,1,2,2),(962,211,NULL,0,NULL,NULL,NULL,1,2,2),(963,212,NULL,0,NULL,NULL,NULL,1,2,2),(964,213,NULL,0,NULL,NULL,NULL,1,2,2),(965,214,NULL,0,NULL,NULL,NULL,1,2,2),(966,215,NULL,0,NULL,NULL,NULL,1,2,2),(967,216,NULL,0,NULL,NULL,NULL,1,2,2),(968,217,NULL,0,NULL,NULL,NULL,1,2,2),(969,218,NULL,0,NULL,NULL,NULL,1,2,2),(970,219,NULL,0,NULL,NULL,NULL,1,2,2),(971,220,NULL,0,NULL,NULL,NULL,1,2,2),(972,221,NULL,0,NULL,NULL,NULL,1,2,2),(973,222,NULL,0,NULL,NULL,NULL,1,2,2),(974,223,NULL,0,NULL,NULL,NULL,1,2,2),(975,224,NULL,0,NULL,NULL,NULL,1,2,2),(976,225,NULL,0,NULL,NULL,NULL,1,2,2),(977,226,NULL,0,NULL,NULL,NULL,1,2,2),(978,227,NULL,0,NULL,NULL,NULL,1,2,2),(979,228,NULL,0,NULL,NULL,NULL,1,2,2),(980,229,NULL,0,NULL,NULL,NULL,1,2,2),(981,230,NULL,0,NULL,NULL,NULL,1,2,2),(982,231,NULL,0,NULL,NULL,NULL,1,2,2),(983,232,NULL,0,NULL,NULL,NULL,1,2,2),(984,233,NULL,0,NULL,NULL,NULL,1,2,2),(985,234,NULL,0,NULL,NULL,NULL,1,2,2),(986,235,NULL,0,NULL,NULL,NULL,1,2,2),(987,236,NULL,0,NULL,NULL,NULL,1,2,2),(988,237,NULL,0,NULL,NULL,NULL,1,2,2),(989,238,NULL,0,NULL,NULL,NULL,1,2,2),(990,239,NULL,0,NULL,NULL,NULL,1,2,2),(991,240,NULL,0,NULL,NULL,NULL,1,2,2),(992,241,NULL,0,NULL,NULL,NULL,1,2,2),(993,242,NULL,0,NULL,NULL,NULL,1,2,2),(994,243,NULL,0,NULL,NULL,NULL,1,2,2),(995,244,NULL,0,NULL,NULL,NULL,1,2,2),(996,245,NULL,0,NULL,NULL,NULL,1,2,2),(997,246,NULL,0,NULL,NULL,NULL,1,2,2),(998,247,NULL,0,NULL,NULL,NULL,1,2,2),(999,248,NULL,0,NULL,NULL,NULL,1,2,2),(1000,249,NULL,0,NULL,NULL,NULL,1,2,2),(1001,0,NULL,0,NULL,NULL,NULL,1,1,3),(1002,1,NULL,0,NULL,NULL,NULL,1,1,3),(1003,2,NULL,0,NULL,NULL,NULL,1,1,3),(1004,3,NULL,0,NULL,NULL,NULL,1,1,3),(1005,4,NULL,0,NULL,NULL,NULL,1,1,3),(1006,5,NULL,0,NULL,NULL,NULL,1,1,3),(1007,6,NULL,0,NULL,NULL,NULL,1,1,3),(1008,7,NULL,0,NULL,NULL,NULL,1,1,3),(1009,8,NULL,0,NULL,NULL,NULL,1,1,3),(1010,9,NULL,0,NULL,NULL,NULL,1,1,3),(1011,10,NULL,0,NULL,NULL,NULL,1,1,3),(1012,11,NULL,0,NULL,NULL,NULL,1,1,3),(1013,12,NULL,0,NULL,NULL,NULL,1,1,3),(1014,13,NULL,0,NULL,NULL,NULL,1,1,3),(1015,14,NULL,0,NULL,NULL,NULL,1,1,3),(1016,15,NULL,0,NULL,NULL,NULL,1,1,3),(1017,16,NULL,0,NULL,NULL,NULL,1,1,3),(1018,17,NULL,0,NULL,NULL,NULL,1,1,3),(1019,18,NULL,0,NULL,NULL,NULL,1,1,3),(1020,19,NULL,0,NULL,NULL,NULL,1,1,3),(1021,20,NULL,0,NULL,NULL,NULL,1,1,3),(1022,21,NULL,0,NULL,NULL,NULL,1,1,3),(1023,22,NULL,0,NULL,NULL,NULL,1,1,3),(1024,23,NULL,0,NULL,NULL,NULL,1,1,3),(1025,24,NULL,0,NULL,NULL,NULL,1,1,3),(1026,25,NULL,0,NULL,NULL,NULL,1,1,3),(1027,26,NULL,0,NULL,NULL,NULL,1,1,3),(1028,27,NULL,0,NULL,NULL,NULL,1,1,3),(1029,28,NULL,0,NULL,NULL,NULL,1,1,3),(1030,29,NULL,0,NULL,NULL,NULL,1,1,3),(1031,30,NULL,0,NULL,NULL,NULL,1,1,3),(1032,31,NULL,0,NULL,NULL,NULL,1,1,3),(1033,32,NULL,0,NULL,NULL,NULL,1,1,3),(1034,33,NULL,0,NULL,NULL,NULL,1,1,3),(1035,34,NULL,0,NULL,NULL,NULL,1,1,3),(1036,35,NULL,0,NULL,NULL,NULL,1,1,3),(1037,36,NULL,0,NULL,NULL,NULL,1,1,3),(1038,37,NULL,0,NULL,NULL,NULL,1,1,3),(1039,38,NULL,0,NULL,NULL,NULL,1,1,3),(1040,39,NULL,0,NULL,NULL,NULL,1,1,3),(1041,40,NULL,0,NULL,NULL,NULL,1,1,3),(1042,41,NULL,0,NULL,NULL,NULL,1,1,3),(1043,42,NULL,0,NULL,NULL,NULL,1,1,3),(1044,43,NULL,0,NULL,NULL,NULL,1,1,3),(1045,44,NULL,0,NULL,NULL,NULL,1,1,3),(1046,45,NULL,0,NULL,NULL,NULL,1,1,3),(1047,46,NULL,0,NULL,NULL,NULL,1,1,3),(1048,47,NULL,0,NULL,NULL,NULL,1,1,3),(1049,48,NULL,0,NULL,NULL,NULL,1,1,3),(1050,49,NULL,0,NULL,NULL,NULL,1,1,3),(1051,50,NULL,0,NULL,NULL,NULL,1,1,3),(1052,51,NULL,0,NULL,NULL,NULL,1,1,3),(1053,52,NULL,0,NULL,NULL,NULL,1,1,3),(1054,53,NULL,0,NULL,NULL,NULL,1,1,3),(1055,54,NULL,0,NULL,NULL,NULL,1,1,3),(1056,55,NULL,0,NULL,NULL,NULL,1,1,3),(1057,56,NULL,0,NULL,NULL,NULL,1,1,3),(1058,57,NULL,0,NULL,NULL,NULL,1,1,3),(1059,58,NULL,0,NULL,NULL,NULL,1,1,3),(1060,59,NULL,0,NULL,NULL,NULL,1,1,3),(1061,60,NULL,0,NULL,NULL,NULL,1,1,3),(1062,61,NULL,0,NULL,NULL,NULL,1,1,3),(1063,62,NULL,0,NULL,NULL,NULL,1,1,3),(1064,63,NULL,0,NULL,NULL,NULL,1,1,3),(1065,64,NULL,0,NULL,NULL,NULL,1,1,3),(1066,65,NULL,0,NULL,NULL,NULL,1,1,3),(1067,66,NULL,0,NULL,NULL,NULL,1,1,3),(1068,67,NULL,0,NULL,NULL,NULL,1,1,3),(1069,68,NULL,0,NULL,NULL,NULL,1,1,3),(1070,69,NULL,0,NULL,NULL,NULL,1,1,3),(1071,70,NULL,0,NULL,NULL,NULL,1,1,3),(1072,71,NULL,0,NULL,NULL,NULL,1,1,3),(1073,72,NULL,0,NULL,NULL,NULL,1,1,3),(1074,73,NULL,0,NULL,NULL,NULL,1,1,3),(1075,74,NULL,0,NULL,NULL,NULL,1,1,3),(1076,75,NULL,0,NULL,NULL,NULL,1,1,3),(1077,76,NULL,0,NULL,NULL,NULL,1,1,3),(1078,77,NULL,0,NULL,NULL,NULL,1,1,3),(1079,78,NULL,0,NULL,NULL,NULL,1,1,3),(1080,79,NULL,0,NULL,NULL,NULL,1,1,3),(1081,80,NULL,0,NULL,NULL,NULL,1,1,3),(1082,81,NULL,0,NULL,NULL,NULL,1,1,3),(1083,82,NULL,0,NULL,NULL,NULL,1,1,3),(1084,83,NULL,0,NULL,NULL,NULL,1,1,3),(1085,84,NULL,0,NULL,NULL,NULL,1,1,3),(1086,85,NULL,0,NULL,NULL,NULL,1,1,3),(1087,86,NULL,0,NULL,NULL,NULL,1,1,3),(1088,87,NULL,0,NULL,NULL,NULL,1,1,3),(1089,88,NULL,0,NULL,NULL,NULL,1,1,3),(1090,89,NULL,0,NULL,NULL,NULL,1,1,3),(1091,90,NULL,0,NULL,NULL,NULL,1,1,3),(1092,91,NULL,0,NULL,NULL,NULL,1,1,3),(1093,92,NULL,0,NULL,NULL,NULL,1,1,3),(1094,93,NULL,0,NULL,NULL,NULL,1,1,3),(1095,94,NULL,0,NULL,NULL,NULL,1,1,3),(1096,95,NULL,0,NULL,NULL,NULL,1,1,3),(1097,96,NULL,0,NULL,NULL,NULL,1,1,3),(1098,97,NULL,0,NULL,NULL,NULL,1,1,3),(1099,98,NULL,0,NULL,NULL,NULL,1,1,3),(1100,99,NULL,0,NULL,NULL,NULL,1,1,3),(1101,100,NULL,0,NULL,NULL,NULL,1,1,3),(1102,101,NULL,0,NULL,NULL,NULL,1,1,3),(1103,102,NULL,0,NULL,NULL,NULL,1,1,3),(1104,103,NULL,0,NULL,NULL,NULL,1,1,3),(1105,104,NULL,0,NULL,NULL,NULL,1,1,3),(1106,105,NULL,0,NULL,NULL,NULL,1,1,3),(1107,106,NULL,0,NULL,NULL,NULL,1,1,3),(1108,107,NULL,0,NULL,NULL,NULL,1,1,3),(1109,108,NULL,0,NULL,NULL,NULL,1,1,3),(1110,109,NULL,0,NULL,NULL,NULL,1,1,3),(1111,110,NULL,0,NULL,NULL,NULL,1,1,3),(1112,111,NULL,0,NULL,NULL,NULL,1,1,3),(1113,112,NULL,0,NULL,NULL,NULL,1,1,3),(1114,113,NULL,0,NULL,NULL,NULL,1,1,3),(1115,114,NULL,0,NULL,NULL,NULL,1,1,3),(1116,115,NULL,0,NULL,NULL,NULL,1,1,3),(1117,116,NULL,0,NULL,NULL,NULL,1,1,3),(1118,117,NULL,0,NULL,NULL,NULL,1,1,3),(1119,118,NULL,0,NULL,NULL,NULL,1,1,3),(1120,119,NULL,0,NULL,NULL,NULL,1,1,3),(1121,120,NULL,0,NULL,NULL,NULL,1,1,3),(1122,121,NULL,0,NULL,NULL,NULL,1,1,3),(1123,122,NULL,0,NULL,NULL,NULL,1,1,3),(1124,123,NULL,0,NULL,NULL,NULL,1,1,3),(1125,124,NULL,0,NULL,NULL,NULL,1,1,3),(1126,125,NULL,0,NULL,NULL,NULL,1,1,3),(1127,126,NULL,0,NULL,NULL,NULL,1,1,3),(1128,127,NULL,0,NULL,NULL,NULL,1,1,3),(1129,128,NULL,0,NULL,NULL,NULL,1,1,3),(1130,129,NULL,0,NULL,NULL,NULL,1,1,3),(1131,130,NULL,0,NULL,NULL,NULL,1,1,3),(1132,131,NULL,0,NULL,NULL,NULL,1,1,3),(1133,132,NULL,0,NULL,NULL,NULL,1,1,3),(1134,133,NULL,0,NULL,NULL,NULL,1,1,3),(1135,134,NULL,0,NULL,NULL,NULL,1,1,3),(1136,135,NULL,0,NULL,NULL,NULL,1,1,3),(1137,136,NULL,0,NULL,NULL,NULL,1,1,3),(1138,137,NULL,0,NULL,NULL,NULL,1,1,3),(1139,138,NULL,0,NULL,NULL,NULL,1,1,3),(1140,139,NULL,0,NULL,NULL,NULL,1,1,3),(1141,140,NULL,0,NULL,NULL,NULL,1,1,3),(1142,141,NULL,0,NULL,NULL,NULL,1,1,3),(1143,142,NULL,0,NULL,NULL,NULL,1,1,3),(1144,143,NULL,0,NULL,NULL,NULL,1,1,3),(1145,144,NULL,0,NULL,NULL,NULL,1,1,3),(1146,145,NULL,0,NULL,NULL,NULL,1,1,3),(1147,146,NULL,0,NULL,NULL,NULL,1,1,3),(1148,147,NULL,0,NULL,NULL,NULL,1,1,3),(1149,148,NULL,0,NULL,NULL,NULL,1,1,3),(1150,149,NULL,0,NULL,NULL,NULL,1,1,3),(1151,150,NULL,0,NULL,NULL,NULL,1,1,3),(1152,151,NULL,0,NULL,NULL,NULL,1,1,3),(1153,152,NULL,0,NULL,NULL,NULL,1,1,3),(1154,153,NULL,0,NULL,NULL,NULL,1,1,3),(1155,154,NULL,0,NULL,NULL,NULL,1,1,3),(1156,155,NULL,0,NULL,NULL,NULL,1,1,3),(1157,156,NULL,0,NULL,NULL,NULL,1,1,3),(1158,157,NULL,0,NULL,NULL,NULL,1,1,3),(1159,158,NULL,0,NULL,NULL,NULL,1,1,3),(1160,159,NULL,0,NULL,NULL,NULL,1,1,3),(1161,160,NULL,0,NULL,NULL,NULL,1,1,3),(1162,161,NULL,0,NULL,NULL,NULL,1,1,3),(1163,162,NULL,0,NULL,NULL,NULL,1,1,3),(1164,163,NULL,0,NULL,NULL,NULL,1,1,3),(1165,164,NULL,0,NULL,NULL,NULL,1,1,3),(1166,165,NULL,0,NULL,NULL,NULL,1,1,3),(1167,166,NULL,0,NULL,NULL,NULL,1,1,3),(1168,167,NULL,0,NULL,NULL,NULL,1,1,3),(1169,168,NULL,0,NULL,NULL,NULL,1,1,3),(1170,169,NULL,0,NULL,NULL,NULL,1,1,3),(1171,170,NULL,0,NULL,NULL,NULL,1,1,3),(1172,171,NULL,0,NULL,NULL,NULL,1,1,3),(1173,172,NULL,0,NULL,NULL,NULL,1,1,3),(1174,173,NULL,0,NULL,NULL,NULL,1,1,3),(1175,174,NULL,0,NULL,NULL,NULL,1,1,3),(1176,175,NULL,0,NULL,NULL,NULL,1,1,3),(1177,176,NULL,0,NULL,NULL,NULL,1,1,3),(1178,177,NULL,0,NULL,NULL,NULL,1,1,3),(1179,178,NULL,0,NULL,NULL,NULL,1,1,3),(1180,179,NULL,0,NULL,NULL,NULL,1,1,3),(1181,180,NULL,0,NULL,NULL,NULL,1,1,3),(1182,181,NULL,0,NULL,NULL,NULL,1,1,3),(1183,182,NULL,0,NULL,NULL,NULL,1,1,3),(1184,183,NULL,0,NULL,NULL,NULL,1,1,3),(1185,184,NULL,0,NULL,NULL,NULL,1,1,3),(1186,185,NULL,0,NULL,NULL,NULL,1,1,3),(1187,186,NULL,0,NULL,NULL,NULL,1,1,3),(1188,187,NULL,0,NULL,NULL,NULL,1,1,3),(1189,188,NULL,0,NULL,NULL,NULL,1,1,3),(1190,189,NULL,0,NULL,NULL,NULL,1,1,3),(1191,190,NULL,0,NULL,NULL,NULL,1,1,3),(1192,191,NULL,0,NULL,NULL,NULL,1,1,3),(1193,192,NULL,0,NULL,NULL,NULL,1,1,3),(1194,193,NULL,0,NULL,NULL,NULL,1,1,3),(1195,194,NULL,0,NULL,NULL,NULL,1,1,3),(1196,195,NULL,0,NULL,NULL,NULL,1,1,3),(1197,196,NULL,0,NULL,NULL,NULL,1,1,3),(1198,197,NULL,0,NULL,NULL,NULL,1,1,3),(1199,198,NULL,0,NULL,NULL,NULL,1,1,3),(1200,199,NULL,0,NULL,NULL,NULL,1,1,3),(1201,200,NULL,0,NULL,NULL,NULL,1,1,3),(1202,201,NULL,0,NULL,NULL,NULL,1,1,3),(1203,202,NULL,0,NULL,NULL,NULL,1,1,3),(1204,203,NULL,0,NULL,NULL,NULL,1,1,3),(1205,204,NULL,0,NULL,NULL,NULL,1,1,3),(1206,205,NULL,0,NULL,NULL,NULL,1,1,3),(1207,206,NULL,0,NULL,NULL,NULL,1,1,3),(1208,207,NULL,0,NULL,NULL,NULL,1,1,3),(1209,208,NULL,0,NULL,NULL,NULL,1,1,3),(1210,209,NULL,0,NULL,NULL,NULL,1,1,3),(1211,210,NULL,0,NULL,NULL,NULL,1,1,3),(1212,211,NULL,0,NULL,NULL,NULL,1,1,3),(1213,212,NULL,0,NULL,NULL,NULL,1,1,3),(1214,213,NULL,0,NULL,NULL,NULL,1,1,3),(1215,214,NULL,0,NULL,NULL,NULL,1,1,3),(1216,215,NULL,0,NULL,NULL,NULL,1,1,3),(1217,216,NULL,0,NULL,NULL,NULL,1,1,3),(1218,217,NULL,0,NULL,NULL,NULL,1,1,3),(1219,218,NULL,0,NULL,NULL,NULL,1,1,3),(1220,219,NULL,0,NULL,NULL,NULL,1,1,3),(1221,220,NULL,0,NULL,NULL,NULL,1,1,3),(1222,221,NULL,0,NULL,NULL,NULL,1,1,3),(1223,222,NULL,0,NULL,NULL,NULL,1,1,3),(1224,223,NULL,0,NULL,NULL,NULL,1,1,3),(1225,224,NULL,0,NULL,NULL,NULL,1,1,3),(1226,225,NULL,0,NULL,NULL,NULL,1,1,3),(1227,226,NULL,0,NULL,NULL,NULL,1,1,3),(1228,227,NULL,0,NULL,NULL,NULL,1,1,3),(1229,228,NULL,0,NULL,NULL,NULL,1,1,3),(1230,229,NULL,0,NULL,NULL,NULL,1,1,3),(1231,230,NULL,0,NULL,NULL,NULL,1,1,3),(1232,231,NULL,0,NULL,NULL,NULL,1,1,3),(1233,232,NULL,0,NULL,NULL,NULL,1,1,3),(1234,233,NULL,0,NULL,NULL,NULL,1,1,3),(1235,234,NULL,0,NULL,NULL,NULL,1,1,3),(1236,235,NULL,0,NULL,NULL,NULL,1,1,3),(1237,236,NULL,0,NULL,NULL,NULL,1,1,3),(1238,237,NULL,0,NULL,NULL,NULL,1,1,3),(1239,238,NULL,0,NULL,NULL,NULL,1,1,3),(1240,239,NULL,0,NULL,NULL,NULL,1,1,3),(1241,240,NULL,0,NULL,NULL,NULL,1,1,3),(1242,241,NULL,0,NULL,NULL,NULL,1,1,3),(1243,242,NULL,0,NULL,NULL,NULL,1,1,3),(1244,243,NULL,0,NULL,NULL,NULL,1,1,3),(1245,244,NULL,0,NULL,NULL,NULL,1,1,3),(1246,245,NULL,0,NULL,NULL,NULL,1,1,3),(1247,246,NULL,0,NULL,NULL,NULL,1,1,3),(1248,247,NULL,0,NULL,NULL,NULL,1,1,3),(1249,248,NULL,0,NULL,NULL,NULL,1,1,3),(1250,249,NULL,0,NULL,NULL,NULL,1,1,3),(1251,0,NULL,0,NULL,NULL,NULL,1,2,3),(1252,1,NULL,0,NULL,NULL,NULL,1,2,3),(1253,2,NULL,0,NULL,NULL,NULL,1,2,3),(1254,3,NULL,0,NULL,NULL,NULL,1,2,3),(1255,4,NULL,0,NULL,NULL,NULL,1,2,3),(1256,5,NULL,0,NULL,NULL,NULL,1,2,3),(1257,6,NULL,0,NULL,NULL,NULL,1,2,3),(1258,7,NULL,0,NULL,NULL,NULL,1,2,3),(1259,8,NULL,0,NULL,NULL,NULL,1,2,3),(1260,9,NULL,0,NULL,NULL,NULL,1,2,3),(1261,10,NULL,0,NULL,NULL,NULL,1,2,3),(1262,11,NULL,0,NULL,NULL,NULL,1,2,3),(1263,12,NULL,0,NULL,NULL,NULL,1,2,3),(1264,13,NULL,0,NULL,NULL,NULL,1,2,3),(1265,14,NULL,0,NULL,NULL,NULL,1,2,3),(1266,15,NULL,0,NULL,NULL,NULL,1,2,3),(1267,16,NULL,0,NULL,NULL,NULL,1,2,3),(1268,17,NULL,0,NULL,NULL,NULL,1,2,3),(1269,18,NULL,0,NULL,NULL,NULL,1,2,3),(1270,19,NULL,0,NULL,NULL,NULL,1,2,3),(1271,20,NULL,0,NULL,NULL,NULL,1,2,3),(1272,21,NULL,0,NULL,NULL,NULL,1,2,3),(1273,22,NULL,0,NULL,NULL,NULL,1,2,3),(1274,23,NULL,0,NULL,NULL,NULL,1,2,3),(1275,24,NULL,0,NULL,NULL,NULL,1,2,3),(1276,25,NULL,0,NULL,NULL,NULL,1,2,3),(1277,26,NULL,0,NULL,NULL,NULL,1,2,3),(1278,27,NULL,0,NULL,NULL,NULL,1,2,3),(1279,28,NULL,0,NULL,NULL,NULL,1,2,3),(1280,29,NULL,0,NULL,NULL,NULL,1,2,3),(1281,30,NULL,0,NULL,NULL,NULL,1,2,3),(1282,31,NULL,0,NULL,NULL,NULL,1,2,3),(1283,32,NULL,0,NULL,NULL,NULL,1,2,3),(1284,33,NULL,0,NULL,NULL,NULL,1,2,3),(1285,34,NULL,0,NULL,NULL,NULL,1,2,3),(1286,35,NULL,0,NULL,NULL,NULL,1,2,3),(1287,36,NULL,0,NULL,NULL,NULL,1,2,3),(1288,37,NULL,0,NULL,NULL,NULL,1,2,3),(1289,38,NULL,0,NULL,NULL,NULL,1,2,3),(1290,39,NULL,0,NULL,NULL,NULL,1,2,3),(1291,40,NULL,0,NULL,NULL,NULL,1,2,3),(1292,41,NULL,0,NULL,NULL,NULL,1,2,3),(1293,42,NULL,0,NULL,NULL,NULL,1,2,3),(1294,43,NULL,0,NULL,NULL,NULL,1,2,3),(1295,44,NULL,0,NULL,NULL,NULL,1,2,3),(1296,45,NULL,0,NULL,NULL,NULL,1,2,3),(1297,46,NULL,0,NULL,NULL,NULL,1,2,3),(1298,47,NULL,0,NULL,NULL,NULL,1,2,3),(1299,48,NULL,0,NULL,NULL,NULL,1,2,3),(1300,49,NULL,0,NULL,NULL,NULL,1,2,3),(1301,50,NULL,0,NULL,NULL,NULL,1,2,3),(1302,51,NULL,0,NULL,NULL,NULL,1,2,3),(1303,52,NULL,0,NULL,NULL,NULL,1,2,3),(1304,53,NULL,0,NULL,NULL,NULL,1,2,3),(1305,54,NULL,0,NULL,NULL,NULL,1,2,3),(1306,55,NULL,0,NULL,NULL,NULL,1,2,3),(1307,56,NULL,0,NULL,NULL,NULL,1,2,3),(1308,57,NULL,0,NULL,NULL,NULL,1,2,3),(1309,58,NULL,0,NULL,NULL,NULL,1,2,3),(1310,59,NULL,0,NULL,NULL,NULL,1,2,3),(1311,60,NULL,0,NULL,NULL,NULL,1,2,3),(1312,61,NULL,0,NULL,NULL,NULL,1,2,3),(1313,62,NULL,0,NULL,NULL,NULL,1,2,3),(1314,63,NULL,0,NULL,NULL,NULL,1,2,3),(1315,64,NULL,0,NULL,NULL,NULL,1,2,3),(1316,65,NULL,0,NULL,NULL,NULL,1,2,3),(1317,66,NULL,0,NULL,NULL,NULL,1,2,3),(1318,67,NULL,0,NULL,NULL,NULL,1,2,3),(1319,68,NULL,0,NULL,NULL,NULL,1,2,3),(1320,69,NULL,0,NULL,NULL,NULL,1,2,3),(1321,70,NULL,0,NULL,NULL,NULL,1,2,3),(1322,71,NULL,0,NULL,NULL,NULL,1,2,3),(1323,72,NULL,0,NULL,NULL,NULL,1,2,3),(1324,73,NULL,0,NULL,NULL,NULL,1,2,3),(1325,74,NULL,0,NULL,NULL,NULL,1,2,3),(1326,75,NULL,0,NULL,NULL,NULL,1,2,3),(1327,76,NULL,0,NULL,NULL,NULL,1,2,3),(1328,77,NULL,0,NULL,NULL,NULL,1,2,3),(1329,78,NULL,0,NULL,NULL,NULL,1,2,3),(1330,79,NULL,0,NULL,NULL,NULL,1,2,3),(1331,80,NULL,0,NULL,NULL,NULL,1,2,3),(1332,81,NULL,0,NULL,NULL,NULL,1,2,3),(1333,82,NULL,0,NULL,NULL,NULL,1,2,3),(1334,83,NULL,0,NULL,NULL,NULL,1,2,3),(1335,84,NULL,0,NULL,NULL,NULL,1,2,3),(1336,85,NULL,0,NULL,NULL,NULL,1,2,3),(1337,86,NULL,0,NULL,NULL,NULL,1,2,3),(1338,87,NULL,0,NULL,NULL,NULL,1,2,3),(1339,88,NULL,0,NULL,NULL,NULL,1,2,3),(1340,89,NULL,0,NULL,NULL,NULL,1,2,3),(1341,90,NULL,0,NULL,NULL,NULL,1,2,3),(1342,91,NULL,0,NULL,NULL,NULL,1,2,3),(1343,92,NULL,0,NULL,NULL,NULL,1,2,3),(1344,93,NULL,0,NULL,NULL,NULL,1,2,3),(1345,94,NULL,0,NULL,NULL,NULL,1,2,3),(1346,95,NULL,0,NULL,NULL,NULL,1,2,3),(1347,96,NULL,0,NULL,NULL,NULL,1,2,3),(1348,97,NULL,0,NULL,NULL,NULL,1,2,3),(1349,98,NULL,0,NULL,NULL,NULL,1,2,3),(1350,99,NULL,0,NULL,NULL,NULL,1,2,3),(1351,100,NULL,0,NULL,NULL,NULL,1,2,3),(1352,101,NULL,0,NULL,NULL,NULL,1,2,3),(1353,102,NULL,0,NULL,NULL,NULL,1,2,3),(1354,103,NULL,0,NULL,NULL,NULL,1,2,3),(1355,104,NULL,0,NULL,NULL,NULL,1,2,3),(1356,105,NULL,0,NULL,NULL,NULL,1,2,3),(1357,106,NULL,0,NULL,NULL,NULL,1,2,3),(1358,107,NULL,0,NULL,NULL,NULL,1,2,3),(1359,108,NULL,0,NULL,NULL,NULL,1,2,3),(1360,109,NULL,0,NULL,NULL,NULL,1,2,3),(1361,110,NULL,0,NULL,NULL,NULL,1,2,3),(1362,111,NULL,0,NULL,NULL,NULL,1,2,3),(1363,112,NULL,0,NULL,NULL,NULL,1,2,3),(1364,113,NULL,0,NULL,NULL,NULL,1,2,3),(1365,114,NULL,0,NULL,NULL,NULL,1,2,3),(1366,115,NULL,0,NULL,NULL,NULL,1,2,3),(1367,116,NULL,0,NULL,NULL,NULL,1,2,3),(1368,117,NULL,0,NULL,NULL,NULL,1,2,3),(1369,118,NULL,0,NULL,NULL,NULL,1,2,3),(1370,119,NULL,0,NULL,NULL,NULL,1,2,3),(1371,120,NULL,0,NULL,NULL,NULL,1,2,3),(1372,121,NULL,0,NULL,NULL,NULL,1,2,3),(1373,122,NULL,0,NULL,NULL,NULL,1,2,3),(1374,123,NULL,0,NULL,NULL,NULL,1,2,3),(1375,124,NULL,0,NULL,NULL,NULL,1,2,3),(1376,125,NULL,0,NULL,NULL,NULL,1,2,3),(1377,126,NULL,0,NULL,NULL,NULL,1,2,3),(1378,127,NULL,0,NULL,NULL,NULL,1,2,3),(1379,128,NULL,0,NULL,NULL,NULL,1,2,3),(1380,129,NULL,0,NULL,NULL,NULL,1,2,3),(1381,130,NULL,0,NULL,NULL,NULL,1,2,3),(1382,131,NULL,0,NULL,NULL,NULL,1,2,3),(1383,132,NULL,0,NULL,NULL,NULL,1,2,3),(1384,133,NULL,0,NULL,NULL,NULL,1,2,3),(1385,134,NULL,0,NULL,NULL,NULL,1,2,3),(1386,135,NULL,0,NULL,NULL,NULL,1,2,3),(1387,136,NULL,0,NULL,NULL,NULL,1,2,3),(1388,137,NULL,0,NULL,NULL,NULL,1,2,3),(1389,138,NULL,0,NULL,NULL,NULL,1,2,3),(1390,139,NULL,0,NULL,NULL,NULL,1,2,3),(1391,140,NULL,0,NULL,NULL,NULL,1,2,3),(1392,141,NULL,0,NULL,NULL,NULL,1,2,3),(1393,142,NULL,0,NULL,NULL,NULL,1,2,3),(1394,143,NULL,0,NULL,NULL,NULL,1,2,3),(1395,144,NULL,0,NULL,NULL,NULL,1,2,3),(1396,145,NULL,0,NULL,NULL,NULL,1,2,3),(1397,146,NULL,0,NULL,NULL,NULL,1,2,3),(1398,147,NULL,0,NULL,NULL,NULL,1,2,3),(1399,148,NULL,0,NULL,NULL,NULL,1,2,3),(1400,149,NULL,0,NULL,NULL,NULL,1,2,3),(1401,150,NULL,0,NULL,NULL,NULL,1,2,3),(1402,151,NULL,0,NULL,NULL,NULL,1,2,3),(1403,152,NULL,0,NULL,NULL,NULL,1,2,3),(1404,153,NULL,0,NULL,NULL,NULL,1,2,3),(1405,154,NULL,0,NULL,NULL,NULL,1,2,3),(1406,155,NULL,0,NULL,NULL,NULL,1,2,3),(1407,156,NULL,0,NULL,NULL,NULL,1,2,3),(1408,157,NULL,0,NULL,NULL,NULL,1,2,3),(1409,158,NULL,0,NULL,NULL,NULL,1,2,3),(1410,159,NULL,0,NULL,NULL,NULL,1,2,3),(1411,160,NULL,0,NULL,NULL,NULL,1,2,3),(1412,161,NULL,0,NULL,NULL,NULL,1,2,3),(1413,162,NULL,0,NULL,NULL,NULL,1,2,3),(1414,163,NULL,0,NULL,NULL,NULL,1,2,3),(1415,164,NULL,0,NULL,NULL,NULL,1,2,3),(1416,165,NULL,0,NULL,NULL,NULL,1,2,3),(1417,166,NULL,0,NULL,NULL,NULL,1,2,3),(1418,167,NULL,0,NULL,NULL,NULL,1,2,3),(1419,168,NULL,0,NULL,NULL,NULL,1,2,3),(1420,169,NULL,0,NULL,NULL,NULL,1,2,3),(1421,170,NULL,0,NULL,NULL,NULL,1,2,3),(1422,171,NULL,0,NULL,NULL,NULL,1,2,3),(1423,172,NULL,0,NULL,NULL,NULL,1,2,3),(1424,173,NULL,0,NULL,NULL,NULL,1,2,3),(1425,0,NULL,0,NULL,NULL,NULL,1,1,4),(1426,1,NULL,0,NULL,NULL,NULL,1,1,4),(1427,2,NULL,0,NULL,NULL,NULL,1,1,4),(1428,3,NULL,0,NULL,NULL,NULL,1,1,4),(1429,4,NULL,0,NULL,NULL,NULL,1,1,4),(1430,5,NULL,0,NULL,NULL,NULL,1,1,4),(1431,6,NULL,0,NULL,NULL,NULL,1,1,4),(1432,7,NULL,0,NULL,NULL,NULL,1,1,4),(1433,8,NULL,0,NULL,NULL,NULL,1,1,4),(1434,9,NULL,0,NULL,NULL,NULL,1,1,4),(1435,10,NULL,0,NULL,NULL,NULL,1,1,4),(1436,11,NULL,0,NULL,NULL,NULL,1,1,4),(1437,12,NULL,0,NULL,NULL,NULL,1,1,4),(1438,13,NULL,0,NULL,NULL,NULL,1,1,4),(1439,14,NULL,0,NULL,NULL,NULL,1,1,4),(1440,15,NULL,0,NULL,NULL,NULL,1,1,4),(1441,16,NULL,0,NULL,NULL,NULL,1,1,4),(1442,17,NULL,0,NULL,NULL,NULL,1,1,4),(1443,18,NULL,0,NULL,NULL,NULL,1,1,4),(1444,19,NULL,0,NULL,NULL,NULL,1,1,4),(1445,20,NULL,0,NULL,NULL,NULL,1,1,4),(1446,21,NULL,0,NULL,NULL,NULL,1,1,4),(1447,22,NULL,0,NULL,NULL,NULL,1,1,4),(1448,23,NULL,0,NULL,NULL,NULL,1,1,4),(1449,24,NULL,0,NULL,NULL,NULL,1,1,4),(1450,25,NULL,0,NULL,NULL,NULL,1,1,4),(1451,26,NULL,0,NULL,NULL,NULL,1,1,4),(1452,27,NULL,0,NULL,NULL,NULL,1,1,4),(1453,28,NULL,0,NULL,NULL,NULL,1,1,4),(1454,29,NULL,0,NULL,NULL,NULL,1,1,4),(1455,30,NULL,0,NULL,NULL,NULL,1,1,4),(1456,31,NULL,0,NULL,NULL,NULL,1,1,4),(1457,32,NULL,0,NULL,NULL,NULL,1,1,4),(1458,33,NULL,0,NULL,NULL,NULL,1,1,4),(1459,34,NULL,0,NULL,NULL,NULL,1,1,4),(1460,35,NULL,0,NULL,NULL,NULL,1,1,4),(1461,36,NULL,0,NULL,NULL,NULL,1,1,4),(1462,37,NULL,0,NULL,NULL,NULL,1,1,4),(1463,38,NULL,0,NULL,NULL,NULL,1,1,4),(1464,39,NULL,0,NULL,NULL,NULL,1,1,4),(1465,40,NULL,0,NULL,NULL,NULL,1,1,4),(1466,41,NULL,0,NULL,NULL,NULL,1,1,4),(1467,42,NULL,0,NULL,NULL,NULL,1,1,4),(1468,43,NULL,0,NULL,NULL,NULL,1,1,4),(1469,44,NULL,0,NULL,NULL,NULL,1,1,4),(1470,45,NULL,0,NULL,NULL,NULL,1,1,4),(1471,46,NULL,0,NULL,NULL,NULL,1,1,4),(1472,47,NULL,0,NULL,NULL,NULL,1,1,4),(1473,48,NULL,0,NULL,NULL,NULL,1,1,4),(1474,49,NULL,0,NULL,NULL,NULL,1,1,4),(1475,50,NULL,0,NULL,NULL,NULL,1,1,4),(1476,51,NULL,0,NULL,NULL,NULL,1,1,4),(1477,52,NULL,0,NULL,NULL,NULL,1,1,4),(1478,53,NULL,0,NULL,NULL,NULL,1,1,4),(1479,54,NULL,0,NULL,NULL,NULL,1,1,4),(1480,55,NULL,0,NULL,NULL,NULL,1,1,4),(1481,56,NULL,0,NULL,NULL,NULL,1,1,4),(1482,57,NULL,0,NULL,NULL,NULL,1,1,4),(1483,58,NULL,0,NULL,NULL,NULL,1,1,4),(1484,59,NULL,0,NULL,NULL,NULL,1,1,4),(1485,60,NULL,0,NULL,NULL,NULL,1,1,4),(1486,61,NULL,0,NULL,NULL,NULL,1,1,4),(1487,62,NULL,0,NULL,NULL,NULL,1,1,4),(1488,63,NULL,0,NULL,NULL,NULL,1,1,4),(1489,64,NULL,0,NULL,NULL,NULL,1,1,4),(1490,65,NULL,0,NULL,NULL,NULL,1,1,4),(1491,66,NULL,0,NULL,NULL,NULL,1,1,4),(1492,67,NULL,0,NULL,NULL,NULL,1,1,4),(1493,68,NULL,0,NULL,NULL,NULL,1,1,4),(1494,69,NULL,0,NULL,NULL,NULL,1,1,4),(1495,70,NULL,0,NULL,NULL,NULL,1,1,4),(1496,71,NULL,0,NULL,NULL,NULL,1,1,4),(1497,72,NULL,0,NULL,NULL,NULL,1,1,4),(1498,73,NULL,0,NULL,NULL,NULL,1,1,4),(1499,74,NULL,0,NULL,NULL,NULL,1,1,4),(1500,75,NULL,0,NULL,NULL,NULL,1,1,4),(1501,76,NULL,0,NULL,NULL,NULL,1,1,4),(1502,77,NULL,0,NULL,NULL,NULL,1,1,4),(1503,78,NULL,0,NULL,NULL,NULL,1,1,4),(1504,79,NULL,0,NULL,NULL,NULL,1,1,4),(1505,80,NULL,0,NULL,NULL,NULL,1,1,4),(1506,81,NULL,0,NULL,NULL,NULL,1,1,4),(1507,82,NULL,0,NULL,NULL,NULL,1,1,4),(1508,83,NULL,0,NULL,NULL,NULL,1,1,4),(1509,84,NULL,0,NULL,NULL,NULL,1,1,4),(1510,85,NULL,0,NULL,NULL,NULL,1,1,4),(1511,86,NULL,0,NULL,NULL,NULL,1,1,4),(1512,87,NULL,0,NULL,NULL,NULL,1,1,4),(1513,88,NULL,0,NULL,NULL,NULL,1,1,4),(1514,89,NULL,0,NULL,NULL,NULL,1,1,4),(1515,90,NULL,0,NULL,NULL,NULL,1,1,4),(1516,91,NULL,0,NULL,NULL,NULL,1,1,4),(1517,92,NULL,0,NULL,NULL,NULL,1,1,4),(1518,93,NULL,0,NULL,NULL,NULL,1,1,4),(1519,94,NULL,0,NULL,NULL,NULL,1,1,4),(1520,95,NULL,0,NULL,NULL,NULL,1,1,4),(1521,96,NULL,0,NULL,NULL,NULL,1,1,4),(1522,97,NULL,0,NULL,NULL,NULL,1,1,4),(1523,98,NULL,0,NULL,NULL,NULL,1,1,4),(1524,99,NULL,0,NULL,NULL,NULL,1,1,4),(1525,100,NULL,0,NULL,NULL,NULL,1,1,4),(1526,101,NULL,0,NULL,NULL,NULL,1,1,4),(1527,102,NULL,0,NULL,NULL,NULL,1,1,4),(1528,103,NULL,0,NULL,NULL,NULL,1,1,4),(1529,104,NULL,0,NULL,NULL,NULL,1,1,4),(1530,105,NULL,0,NULL,NULL,NULL,1,1,4),(1531,106,NULL,0,NULL,NULL,NULL,1,1,4),(1532,107,NULL,0,NULL,NULL,NULL,1,1,4),(1533,108,NULL,0,NULL,NULL,NULL,1,1,4),(1534,109,NULL,0,NULL,NULL,NULL,1,1,4),(1535,110,NULL,0,NULL,NULL,NULL,1,1,4),(1536,111,NULL,0,NULL,NULL,NULL,1,1,4),(1537,112,NULL,0,NULL,NULL,NULL,1,1,4),(1538,113,NULL,0,NULL,NULL,NULL,1,1,4),(1539,114,NULL,0,NULL,NULL,NULL,1,1,4),(1540,115,NULL,0,NULL,NULL,NULL,1,1,4),(1541,116,NULL,0,NULL,NULL,NULL,1,1,4),(1542,117,NULL,0,NULL,NULL,NULL,1,1,4),(1543,118,NULL,0,NULL,NULL,NULL,1,1,4),(1544,119,NULL,0,NULL,NULL,NULL,1,1,4),(1545,120,NULL,0,NULL,NULL,NULL,1,1,4),(1546,121,NULL,0,NULL,NULL,NULL,1,1,4),(1547,122,NULL,0,NULL,NULL,NULL,1,1,4),(1548,123,NULL,0,NULL,NULL,NULL,1,1,4),(1549,124,NULL,0,NULL,NULL,NULL,1,1,4),(1550,125,NULL,0,NULL,NULL,NULL,1,1,4),(1551,126,NULL,0,NULL,NULL,NULL,1,1,4),(1552,127,NULL,0,NULL,NULL,NULL,1,1,4),(1553,128,NULL,0,NULL,NULL,NULL,1,1,4),(1554,129,NULL,0,NULL,NULL,NULL,1,1,4),(1555,130,NULL,0,NULL,NULL,NULL,1,1,4),(1556,131,NULL,0,NULL,NULL,NULL,1,1,4),(1557,132,NULL,0,NULL,NULL,NULL,1,1,4),(1558,133,NULL,0,NULL,NULL,NULL,1,1,4),(1559,134,NULL,0,NULL,NULL,NULL,1,1,4),(1560,135,NULL,0,NULL,NULL,NULL,1,1,4),(1561,136,NULL,0,NULL,NULL,NULL,1,1,4),(1562,137,NULL,0,NULL,NULL,NULL,1,1,4),(1563,138,NULL,0,NULL,NULL,NULL,1,1,4),(1564,139,NULL,0,NULL,NULL,NULL,1,1,4),(1565,140,NULL,0,NULL,NULL,NULL,1,1,4),(1566,141,NULL,0,NULL,NULL,NULL,1,1,4),(1567,142,NULL,0,NULL,NULL,NULL,1,1,4),(1568,143,NULL,0,NULL,NULL,NULL,1,1,4),(1569,144,NULL,0,NULL,NULL,NULL,1,1,4),(1570,145,NULL,0,NULL,NULL,NULL,1,1,4),(1571,146,NULL,0,NULL,NULL,NULL,1,1,4),(1572,147,NULL,0,NULL,NULL,NULL,1,1,4),(1573,148,NULL,0,NULL,NULL,NULL,1,1,4),(1574,149,NULL,0,NULL,NULL,NULL,1,1,4),(1575,150,NULL,0,NULL,NULL,NULL,1,1,4),(1576,151,NULL,0,NULL,NULL,NULL,1,1,4),(1577,152,NULL,0,NULL,NULL,NULL,1,1,4),(1578,153,NULL,0,NULL,NULL,NULL,1,1,4),(1579,154,NULL,0,NULL,NULL,NULL,1,1,4),(1580,155,NULL,0,NULL,NULL,NULL,1,1,4),(1581,156,NULL,0,NULL,NULL,NULL,1,1,4),(1582,157,NULL,0,NULL,NULL,NULL,1,1,4),(1583,158,NULL,0,NULL,NULL,NULL,1,1,4),(1584,159,NULL,0,NULL,NULL,NULL,1,1,4),(1585,160,NULL,0,NULL,NULL,NULL,1,1,4),(1586,161,NULL,0,NULL,NULL,NULL,1,1,4),(1587,162,NULL,0,NULL,NULL,NULL,1,1,4),(1588,163,NULL,0,NULL,NULL,NULL,1,1,4),(1589,164,NULL,0,NULL,NULL,NULL,1,1,4),(1590,165,NULL,0,NULL,NULL,NULL,1,1,4),(1591,166,NULL,0,NULL,NULL,NULL,1,1,4),(1592,167,NULL,0,NULL,NULL,NULL,1,1,4),(1593,168,NULL,0,NULL,NULL,NULL,1,1,4),(1594,169,NULL,0,NULL,NULL,NULL,1,1,4),(1595,170,NULL,0,NULL,NULL,NULL,1,1,4),(1596,171,NULL,0,NULL,NULL,NULL,1,1,4),(1597,172,NULL,0,NULL,NULL,NULL,1,1,4),(1598,173,NULL,0,NULL,NULL,NULL,1,1,4),(1599,174,NULL,0,NULL,NULL,NULL,1,1,4),(1600,175,NULL,0,NULL,NULL,NULL,1,1,4),(1601,176,NULL,0,NULL,NULL,NULL,1,1,4),(1602,177,NULL,0,NULL,NULL,NULL,1,1,4),(1603,178,NULL,0,NULL,NULL,NULL,1,1,4),(1604,179,NULL,0,NULL,NULL,NULL,1,1,4),(1605,180,NULL,0,NULL,NULL,NULL,1,1,4),(1606,181,NULL,0,NULL,NULL,NULL,1,1,4),(1607,182,NULL,0,NULL,NULL,NULL,1,1,4),(1608,183,NULL,0,NULL,NULL,NULL,1,1,4),(1609,184,NULL,0,NULL,NULL,NULL,1,1,4),(1610,185,NULL,0,NULL,NULL,NULL,1,1,4),(1611,186,NULL,0,NULL,NULL,NULL,1,1,4),(1612,187,NULL,0,NULL,NULL,NULL,1,1,4),(1613,188,NULL,0,NULL,NULL,NULL,1,1,4),(1614,189,NULL,0,NULL,NULL,NULL,1,1,4),(1615,190,NULL,0,NULL,NULL,NULL,1,1,4),(1616,191,NULL,0,NULL,NULL,NULL,1,1,4),(1617,192,NULL,0,NULL,NULL,NULL,1,1,4),(1618,193,NULL,0,NULL,NULL,NULL,1,1,4),(1619,194,NULL,0,NULL,NULL,NULL,1,1,4),(1620,195,NULL,0,NULL,NULL,NULL,1,1,4),(1621,196,NULL,0,NULL,NULL,NULL,1,1,4),(1622,197,NULL,0,NULL,NULL,NULL,1,1,4),(1623,198,NULL,0,NULL,NULL,NULL,1,1,4),(1624,199,NULL,0,NULL,NULL,NULL,1,1,4),(1625,200,NULL,0,NULL,NULL,NULL,1,1,4),(1626,201,NULL,0,NULL,NULL,NULL,1,1,4),(1627,202,NULL,0,NULL,NULL,NULL,1,1,4),(1628,203,NULL,0,NULL,NULL,NULL,1,1,4),(1629,204,NULL,0,NULL,NULL,NULL,1,1,4),(1630,205,NULL,0,NULL,NULL,NULL,1,1,4),(1631,206,NULL,0,NULL,NULL,NULL,1,1,4),(1632,207,NULL,0,NULL,NULL,NULL,1,1,4),(1633,208,NULL,0,NULL,NULL,NULL,1,1,4),(1634,209,NULL,0,NULL,NULL,NULL,1,1,4),(1635,210,NULL,0,NULL,NULL,NULL,1,1,4),(1636,211,NULL,0,NULL,NULL,NULL,1,1,4),(1637,212,NULL,0,NULL,NULL,NULL,1,1,4),(1638,213,NULL,0,NULL,NULL,NULL,1,1,4),(1639,214,NULL,0,NULL,NULL,NULL,1,1,4),(1640,215,NULL,0,NULL,NULL,NULL,1,1,4),(1641,216,NULL,0,NULL,NULL,NULL,1,1,4),(1642,217,NULL,0,NULL,NULL,NULL,1,1,4),(1643,218,NULL,0,NULL,NULL,NULL,1,1,4),(1644,219,NULL,0,NULL,NULL,NULL,1,1,4),(1645,220,NULL,0,NULL,NULL,NULL,1,1,4),(1646,221,NULL,0,NULL,NULL,NULL,1,1,4),(1647,222,NULL,0,NULL,NULL,NULL,1,1,4),(1648,223,NULL,0,NULL,NULL,NULL,1,1,4),(1649,224,NULL,0,NULL,NULL,NULL,1,1,4),(1650,225,NULL,0,NULL,NULL,NULL,1,1,4),(1651,226,NULL,0,NULL,NULL,NULL,1,1,4),(1652,227,NULL,0,NULL,NULL,NULL,1,1,4),(1653,228,NULL,0,NULL,NULL,NULL,1,1,4),(1654,229,NULL,0,NULL,NULL,NULL,1,1,4),(1655,230,NULL,0,NULL,NULL,NULL,1,1,4),(1656,231,NULL,0,NULL,NULL,NULL,1,1,4),(1657,232,NULL,0,NULL,NULL,NULL,1,1,4),(1658,233,NULL,0,NULL,NULL,NULL,1,1,4),(1659,234,NULL,0,NULL,NULL,NULL,1,1,4),(1660,235,NULL,0,NULL,NULL,NULL,1,1,4),(1661,236,NULL,0,NULL,NULL,NULL,1,1,4),(1662,237,NULL,0,NULL,NULL,NULL,1,1,4),(1663,238,NULL,0,NULL,NULL,NULL,1,1,4),(1664,239,NULL,0,NULL,NULL,NULL,1,1,4),(1665,240,NULL,0,NULL,NULL,NULL,1,1,4),(1666,241,NULL,0,NULL,NULL,NULL,1,1,4),(1667,242,NULL,0,NULL,NULL,NULL,1,1,4),(1668,243,NULL,0,NULL,NULL,NULL,1,1,4),(1669,244,NULL,0,NULL,NULL,NULL,1,1,4),(1670,245,NULL,0,NULL,NULL,NULL,1,1,4),(1671,246,NULL,0,NULL,NULL,NULL,1,1,4),(1672,247,NULL,0,NULL,NULL,NULL,1,1,4),(1673,248,NULL,0,NULL,NULL,NULL,1,1,4),(1674,249,NULL,0,NULL,NULL,NULL,1,1,4),(1675,0,NULL,0,NULL,NULL,NULL,1,2,4),(1676,1,NULL,0,NULL,NULL,NULL,1,2,4),(1677,2,NULL,0,NULL,NULL,NULL,1,2,4),(1678,3,NULL,0,NULL,NULL,NULL,1,2,4),(1679,4,NULL,0,NULL,NULL,NULL,1,2,4),(1680,5,NULL,0,NULL,NULL,NULL,1,2,4),(1681,6,NULL,0,NULL,NULL,NULL,1,2,4),(1682,7,NULL,0,NULL,NULL,NULL,1,2,4),(1683,8,NULL,0,NULL,NULL,NULL,1,2,4),(1684,9,NULL,0,NULL,NULL,NULL,1,2,4),(1685,10,NULL,0,NULL,NULL,NULL,1,2,4),(1686,11,NULL,0,NULL,NULL,NULL,1,2,4),(1687,12,NULL,0,NULL,NULL,NULL,1,2,4),(1688,13,NULL,0,NULL,NULL,NULL,1,2,4),(1689,14,NULL,0,NULL,NULL,NULL,1,2,4),(1690,15,NULL,0,NULL,NULL,NULL,1,2,4),(1691,16,NULL,0,NULL,NULL,NULL,1,2,4),(1692,17,NULL,0,NULL,NULL,NULL,1,2,4),(1693,18,NULL,0,NULL,NULL,NULL,1,2,4),(1694,19,NULL,0,NULL,NULL,NULL,1,2,4),(1695,20,NULL,0,NULL,NULL,NULL,1,2,4),(1696,21,NULL,0,NULL,NULL,NULL,1,2,4),(1697,22,NULL,0,NULL,NULL,NULL,1,2,4),(1698,23,NULL,0,NULL,NULL,NULL,1,2,4),(1699,24,NULL,0,NULL,NULL,NULL,1,2,4),(1700,25,NULL,0,NULL,NULL,NULL,1,2,4),(1701,26,NULL,0,NULL,NULL,NULL,1,2,4),(1702,27,NULL,0,NULL,NULL,NULL,1,2,4),(1703,28,NULL,0,NULL,NULL,NULL,1,2,4),(1704,29,NULL,0,NULL,NULL,NULL,1,2,4),(1705,30,NULL,0,NULL,NULL,NULL,1,2,4),(1706,31,NULL,0,NULL,NULL,NULL,1,2,4),(1707,32,NULL,0,NULL,NULL,NULL,1,2,4),(1708,33,NULL,0,NULL,NULL,NULL,1,2,4),(1709,34,NULL,0,NULL,NULL,NULL,1,2,4),(1710,35,NULL,0,NULL,NULL,NULL,1,2,4),(1711,36,NULL,0,NULL,NULL,NULL,1,2,4),(1712,37,NULL,0,NULL,NULL,NULL,1,2,4),(1713,38,NULL,0,NULL,NULL,NULL,1,2,4),(1714,39,NULL,0,NULL,NULL,NULL,1,2,4),(1715,40,NULL,0,NULL,NULL,NULL,1,2,4),(1716,41,NULL,0,NULL,NULL,NULL,1,2,4),(1717,42,NULL,0,NULL,NULL,NULL,1,2,4),(1718,43,NULL,0,NULL,NULL,NULL,1,2,4),(1719,44,NULL,0,NULL,NULL,NULL,1,2,4),(1720,45,NULL,0,NULL,NULL,NULL,1,2,4),(1721,46,NULL,0,NULL,NULL,NULL,1,2,4),(1722,47,NULL,0,NULL,NULL,NULL,1,2,4),(1723,48,NULL,0,NULL,NULL,NULL,1,2,4),(1724,49,NULL,0,NULL,NULL,NULL,1,2,4),(1725,50,NULL,0,NULL,NULL,NULL,1,2,4),(1726,51,NULL,0,NULL,NULL,NULL,1,2,4),(1727,52,NULL,0,NULL,NULL,NULL,1,2,4),(1728,53,NULL,0,NULL,NULL,NULL,1,2,4),(1729,54,NULL,0,NULL,NULL,NULL,1,2,4),(1730,55,NULL,0,NULL,NULL,NULL,1,2,4),(1731,56,NULL,0,NULL,NULL,NULL,1,2,4),(1732,57,NULL,0,NULL,NULL,NULL,1,2,4),(1733,58,NULL,0,NULL,NULL,NULL,1,2,4),(1734,59,NULL,0,NULL,NULL,NULL,1,2,4),(1735,60,NULL,0,NULL,NULL,NULL,1,2,4),(1736,61,NULL,0,NULL,NULL,NULL,1,2,4),(1737,62,NULL,0,NULL,NULL,NULL,1,2,4),(1738,63,NULL,0,NULL,NULL,NULL,1,2,4),(1739,64,NULL,0,NULL,NULL,NULL,1,2,4),(1740,65,NULL,0,NULL,NULL,NULL,1,2,4),(1741,66,NULL,0,NULL,NULL,NULL,1,2,4),(1742,67,NULL,0,NULL,NULL,NULL,1,2,4),(1743,68,NULL,0,NULL,NULL,NULL,1,2,4),(1744,69,NULL,0,NULL,NULL,NULL,1,2,4),(1745,70,NULL,0,NULL,NULL,NULL,1,2,4),(1746,71,NULL,0,NULL,NULL,NULL,1,2,4),(1747,72,NULL,0,NULL,NULL,NULL,1,2,4),(1748,73,NULL,0,NULL,NULL,NULL,1,2,4),(1749,74,NULL,0,NULL,NULL,NULL,1,2,4),(1750,75,NULL,0,NULL,NULL,NULL,1,2,4),(1751,76,NULL,0,NULL,NULL,NULL,1,2,4),(1752,77,NULL,0,NULL,NULL,NULL,1,2,4),(1753,78,NULL,0,NULL,NULL,NULL,1,2,4),(1754,79,NULL,0,NULL,NULL,NULL,1,2,4),(1755,80,NULL,0,NULL,NULL,NULL,1,2,4),(1756,81,NULL,0,NULL,NULL,NULL,1,2,4),(1757,82,NULL,0,NULL,NULL,NULL,1,2,4),(1758,83,NULL,0,NULL,NULL,NULL,1,2,4),(1759,84,NULL,0,NULL,NULL,NULL,1,2,4),(1760,85,NULL,0,NULL,NULL,NULL,1,2,4),(1761,86,NULL,0,NULL,NULL,NULL,1,2,4),(1762,87,NULL,0,NULL,NULL,NULL,1,2,4),(1763,88,NULL,0,NULL,NULL,NULL,1,2,4),(1764,89,NULL,0,NULL,NULL,NULL,1,2,4),(1765,90,NULL,0,NULL,NULL,NULL,1,2,4),(1766,91,NULL,0,NULL,NULL,NULL,1,2,4),(1767,92,NULL,0,NULL,NULL,NULL,1,2,4),(1768,93,NULL,0,NULL,NULL,NULL,1,2,4),(1769,94,NULL,0,NULL,NULL,NULL,1,2,4),(1770,95,NULL,0,NULL,NULL,NULL,1,2,4),(1771,96,NULL,0,NULL,NULL,NULL,1,2,4),(1772,97,NULL,0,NULL,NULL,NULL,1,2,4),(1773,98,NULL,0,NULL,NULL,NULL,1,2,4),(1774,99,NULL,0,NULL,NULL,NULL,1,2,4),(1775,100,NULL,0,NULL,NULL,NULL,1,2,4),(1776,101,NULL,0,NULL,NULL,NULL,1,2,4),(1777,102,NULL,0,NULL,NULL,NULL,1,2,4),(1778,103,NULL,0,NULL,NULL,NULL,1,2,4),(1779,104,NULL,0,NULL,NULL,NULL,1,2,4),(1780,105,NULL,0,NULL,NULL,NULL,1,2,4),(1781,106,NULL,0,NULL,NULL,NULL,1,2,4),(1782,107,NULL,0,NULL,NULL,NULL,1,2,4),(1783,108,NULL,0,NULL,NULL,NULL,1,2,4),(1784,109,NULL,0,NULL,NULL,NULL,1,2,4),(1785,110,NULL,0,NULL,NULL,NULL,1,2,4),(1786,111,NULL,0,NULL,NULL,NULL,1,2,4),(1787,112,NULL,0,NULL,NULL,NULL,1,2,4),(1788,113,NULL,0,NULL,NULL,NULL,1,2,4),(1789,114,NULL,0,NULL,NULL,NULL,1,2,4),(1790,115,NULL,0,NULL,NULL,NULL,1,2,4),(1791,116,NULL,0,NULL,NULL,NULL,1,2,4),(1792,117,NULL,0,NULL,NULL,NULL,1,2,4),(1793,118,NULL,0,NULL,NULL,NULL,1,2,4),(1794,119,NULL,0,NULL,NULL,NULL,1,2,4),(1795,120,NULL,0,NULL,NULL,NULL,1,2,4),(1796,121,NULL,0,NULL,NULL,NULL,1,2,4),(1797,122,NULL,0,NULL,NULL,NULL,1,2,4),(1798,123,NULL,0,NULL,NULL,NULL,1,2,4),(1799,124,NULL,0,NULL,NULL,NULL,1,2,4),(1800,125,NULL,0,NULL,NULL,NULL,1,2,4),(1801,126,NULL,0,NULL,NULL,NULL,1,2,4),(1802,127,NULL,0,NULL,NULL,NULL,1,2,4),(1803,128,NULL,0,NULL,NULL,NULL,1,2,4),(1804,129,NULL,0,NULL,NULL,NULL,1,2,4),(1805,130,NULL,0,NULL,NULL,NULL,1,2,4),(1806,131,NULL,0,NULL,NULL,NULL,1,2,4),(1807,132,NULL,0,NULL,NULL,NULL,1,2,4),(1808,133,NULL,0,NULL,NULL,NULL,1,2,4),(1809,134,NULL,0,NULL,NULL,NULL,1,2,4),(1810,135,NULL,0,NULL,NULL,NULL,1,2,4),(1811,136,NULL,0,NULL,NULL,NULL,1,2,4),(1812,137,NULL,0,NULL,NULL,NULL,1,2,4),(1813,138,NULL,0,NULL,NULL,NULL,1,2,4),(1814,139,NULL,0,NULL,NULL,NULL,1,2,4),(1815,140,NULL,0,NULL,NULL,NULL,1,2,4),(1816,141,NULL,0,NULL,NULL,NULL,1,2,4),(1817,142,NULL,0,NULL,NULL,NULL,1,2,4),(1818,143,NULL,0,NULL,NULL,NULL,1,2,4),(1819,144,NULL,0,NULL,NULL,NULL,1,2,4),(1820,145,NULL,0,NULL,NULL,NULL,1,2,4),(1821,146,NULL,0,NULL,NULL,NULL,1,2,4),(1822,147,NULL,0,NULL,NULL,NULL,1,2,4),(1823,148,NULL,0,NULL,NULL,NULL,1,2,4),(1824,149,NULL,0,NULL,NULL,NULL,1,2,4),(1825,150,NULL,0,NULL,NULL,NULL,1,2,4),(1826,151,NULL,0,NULL,NULL,NULL,1,2,4),(1827,152,NULL,0,NULL,NULL,NULL,1,2,4),(1828,153,NULL,0,NULL,NULL,NULL,1,2,4),(1829,154,NULL,0,NULL,NULL,NULL,1,2,4),(1830,155,NULL,0,NULL,NULL,NULL,1,2,4),(1831,156,NULL,0,NULL,NULL,NULL,1,2,4),(1832,157,NULL,0,NULL,NULL,NULL,1,2,4),(1833,158,NULL,0,NULL,NULL,NULL,1,2,4),(1834,159,NULL,0,NULL,NULL,NULL,1,2,4),(1835,160,NULL,0,NULL,NULL,NULL,1,2,4),(1836,161,NULL,0,NULL,NULL,NULL,1,2,4),(1837,162,NULL,0,NULL,NULL,NULL,1,2,4),(1838,163,NULL,0,NULL,NULL,NULL,1,2,4),(1839,164,NULL,0,NULL,NULL,NULL,1,2,4),(1840,165,NULL,0,NULL,NULL,NULL,1,2,4),(1841,166,NULL,0,NULL,NULL,NULL,1,2,4),(1842,167,NULL,0,NULL,NULL,NULL,1,2,4),(1843,168,NULL,0,NULL,NULL,NULL,1,2,4),(1844,169,NULL,0,NULL,NULL,NULL,1,2,4),(1845,170,NULL,0,NULL,NULL,NULL,1,2,4),(1846,171,NULL,0,NULL,NULL,NULL,1,2,4),(1847,172,NULL,0,NULL,NULL,NULL,1,2,4),(1848,173,NULL,0,NULL,NULL,NULL,1,2,4),(1849,174,NULL,0,NULL,NULL,NULL,1,2,4),(1850,175,NULL,0,NULL,NULL,NULL,1,2,4),(1851,176,NULL,0,NULL,NULL,NULL,1,2,4),(1852,177,NULL,0,NULL,NULL,NULL,1,2,4),(1853,178,NULL,0,NULL,NULL,NULL,1,2,4),(1854,179,NULL,0,NULL,NULL,NULL,1,2,4),(1855,180,NULL,0,NULL,NULL,NULL,1,2,4),(1856,181,NULL,0,NULL,NULL,NULL,1,2,4),(1857,182,NULL,0,NULL,NULL,NULL,1,2,4),(1858,183,NULL,0,NULL,NULL,NULL,1,2,4),(1859,184,NULL,0,NULL,NULL,NULL,1,2,4),(1860,185,NULL,0,NULL,NULL,NULL,1,2,4),(1861,186,NULL,0,NULL,NULL,NULL,1,2,4),(1862,187,NULL,0,NULL,NULL,NULL,1,2,4),(1863,188,NULL,0,NULL,NULL,NULL,1,2,4),(1864,189,NULL,0,NULL,NULL,NULL,1,2,4),(1865,190,NULL,0,NULL,NULL,NULL,1,2,4),(1866,191,NULL,0,NULL,NULL,NULL,1,2,4),(1867,192,NULL,0,NULL,NULL,NULL,1,2,4),(1868,193,NULL,0,NULL,NULL,NULL,1,2,4),(1869,194,NULL,0,NULL,NULL,NULL,1,2,4),(1870,195,NULL,0,NULL,NULL,NULL,1,2,4),(1871,196,NULL,0,NULL,NULL,NULL,1,2,4),(1872,197,NULL,0,NULL,NULL,NULL,1,2,4),(1873,198,NULL,0,NULL,NULL,NULL,1,2,4),(1874,199,NULL,0,NULL,NULL,NULL,1,2,4),(1875,200,NULL,0,NULL,NULL,NULL,1,2,4),(1876,201,NULL,0,NULL,NULL,NULL,1,2,4),(1877,202,NULL,0,NULL,NULL,NULL,1,2,4),(1878,203,NULL,0,NULL,NULL,NULL,1,2,4),(1879,204,NULL,0,NULL,NULL,NULL,1,2,4),(1880,205,NULL,0,NULL,NULL,NULL,1,2,4),(1881,206,NULL,0,NULL,NULL,NULL,1,2,4),(1882,207,NULL,0,NULL,NULL,NULL,1,2,4),(1883,208,NULL,0,NULL,NULL,NULL,1,2,4),(1884,209,NULL,0,NULL,NULL,NULL,1,2,4),(1885,210,NULL,0,NULL,NULL,NULL,1,2,4),(1886,211,NULL,0,NULL,NULL,NULL,1,2,4),(1887,212,NULL,0,NULL,NULL,NULL,1,2,4),(1888,213,NULL,0,NULL,NULL,NULL,1,2,4),(1889,214,NULL,0,NULL,NULL,NULL,1,2,4),(1890,215,NULL,0,NULL,NULL,NULL,1,2,4),(1891,216,NULL,0,NULL,NULL,NULL,1,2,4),(1892,217,NULL,0,NULL,NULL,NULL,1,2,4),(1893,218,NULL,0,NULL,NULL,NULL,1,2,4),(1894,219,NULL,0,NULL,NULL,NULL,1,2,4),(1895,220,NULL,0,NULL,NULL,NULL,1,2,4),(1896,221,NULL,0,NULL,NULL,NULL,1,2,4),(1897,222,NULL,0,NULL,NULL,NULL,1,2,4),(1898,223,NULL,0,NULL,NULL,NULL,1,2,4),(1899,224,NULL,0,NULL,NULL,NULL,1,2,4),(1900,225,NULL,0,NULL,NULL,NULL,1,2,4),(1901,226,NULL,0,NULL,NULL,NULL,1,2,4),(1902,227,NULL,0,NULL,NULL,NULL,1,2,4),(1903,228,NULL,0,NULL,NULL,NULL,1,2,4),(1904,229,NULL,0,NULL,NULL,NULL,1,2,4),(1905,230,NULL,0,NULL,NULL,NULL,1,2,4),(1906,231,NULL,0,NULL,NULL,NULL,1,2,4),(1907,232,NULL,0,NULL,NULL,NULL,1,2,4),(1908,233,NULL,0,NULL,NULL,NULL,1,2,4),(1909,234,NULL,0,NULL,NULL,NULL,1,2,4),(1910,235,NULL,0,NULL,NULL,NULL,1,2,4),(1911,236,NULL,0,NULL,NULL,NULL,1,2,4),(1912,237,NULL,0,NULL,NULL,NULL,1,2,4),(1913,238,NULL,0,NULL,NULL,NULL,1,2,4),(1914,239,NULL,0,NULL,NULL,NULL,1,2,4),(1915,240,NULL,0,NULL,NULL,NULL,1,2,4),(1916,241,NULL,0,NULL,NULL,NULL,1,2,4),(1917,242,NULL,0,NULL,NULL,NULL,1,2,4),(1918,243,NULL,0,NULL,NULL,NULL,1,2,4),(1919,244,NULL,0,NULL,NULL,NULL,1,2,4),(1920,245,NULL,0,NULL,NULL,NULL,1,2,4),(1921,246,NULL,0,NULL,NULL,NULL,1,2,4),(1922,247,NULL,0,NULL,NULL,NULL,1,2,4),(1923,248,NULL,0,NULL,NULL,NULL,1,2,4),(1924,249,NULL,0,NULL,NULL,NULL,1,2,4);
/*!40000 ALTER TABLE `entrada` ENABLE KEYS */;
UNLOCK TABLES;

--
-- Table structure for table `espectaculo`
--

DROP TABLE IF EXISTS `espectaculo`;
/*!40101 SET @saved_cs_client     = @@character_set_client */;
/*!40101 SET character_set_client = utf8 */;
CREATE TABLE `espectaculo` (
  `id_espectaculo` int(11) NOT NULL AUTO_INCREMENT,
  `nombre` varchar(45) NOT NULL,
  `descripcion` varchar(512) DEFAULT NULL,
  `id_realizacion_espectaculo` int(11) DEFAULT NULL,
  PRIMARY KEY (`id_espectaculo`),
  KEY `fk_espectaculo_realizacion_espectaculo_idx` (`id_realizacion_espectaculo`),
  CONSTRAINT `fk_espectaculo_realizacion_espectaculo` FOREIGN KEY (`id_realizacion_espectaculo`) REFERENCES `realizacion_espectaculo` (`id_realizacion_espectaculo`) ON DELETE NO ACTION ON UPDATE NO ACTION
) ENGINE=InnoDB AUTO_INCREMENT=2 DEFAULT CHARSET=utf8;
/*!40101 SET character_set_client = @saved_cs_client */;

--
-- Dumping data for table `espectaculo`
--

LOCK TABLES `espectaculo` WRITE;
/*!40000 ALTER TABLE `espectaculo` DISABLE KEYS */;
INSERT INTO `espectaculo` VALUES (1,'espectaculo1','alto espectaculo',NULL);
/*!40000 ALTER TABLE `espectaculo` ENABLE KEYS */;
UNLOCK TABLES;

--
-- Table structure for table `espectaculo_tipo_espectaculo`
--

DROP TABLE IF EXISTS `espectaculo_tipo_espectaculo`;
/*!40101 SET @saved_cs_client     = @@character_set_client */;
/*!40101 SET character_set_client = utf8 */;
CREATE TABLE `espectaculo_tipo_espectaculo` (
  `id_espectaculo_tipo_espectaculo` int(11) NOT NULL,
  `id_espectaculo` int(11) NOT NULL,
  `id_tipo_espectaculo` int(11) NOT NULL,
  PRIMARY KEY (`id_espectaculo_tipo_espectaculo`),
  KEY `fk_EscpTEsp_TipoEspectaculo_idx` (`id_tipo_espectaculo`),
  KEY `fk_EspTEsp_Espectaculo_idx` (`id_espectaculo`),
  CONSTRAINT `fk_EspTEsp_Espectaculo` FOREIGN KEY (`id_espectaculo`) REFERENCES `espectaculo` (`id_espectaculo`) ON DELETE NO ACTION ON UPDATE NO ACTION,
  CONSTRAINT `fk_EspTEsp_TipoEspectaculo` FOREIGN KEY (`id_tipo_espectaculo`) REFERENCES `tipo_espectaculo` (`id_tipo_espectaculo`) ON DELETE NO ACTION ON UPDATE NO ACTION
) ENGINE=InnoDB DEFAULT CHARSET=utf8;
/*!40101 SET character_set_client = @saved_cs_client */;

--
-- Dumping data for table `espectaculo_tipo_espectaculo`
--

LOCK TABLES `espectaculo_tipo_espectaculo` WRITE;
/*!40000 ALTER TABLE `espectaculo_tipo_espectaculo` DISABLE KEYS */;
/*!40000 ALTER TABLE `espectaculo_tipo_espectaculo` ENABLE KEYS */;
UNLOCK TABLES;

--
-- Table structure for table `espectaculo_tipo_pago`
--

DROP TABLE IF EXISTS `espectaculo_tipo_pago`;
/*!40101 SET @saved_cs_client     = @@character_set_client */;
/*!40101 SET character_set_client = utf8 */;
CREATE TABLE `espectaculo_tipo_pago` (
  `id_espectaculo_tipo_pago` int(11) NOT NULL AUTO_INCREMENT,
  `id_espectaculo` int(11) NOT NULL,
  `id_tipo_pago` int(11) NOT NULL,
  PRIMARY KEY (`id_espectaculo_tipo_pago`),
  KEY `fk_tipo_pago_idx` (`id_tipo_pago`),
  KEY `fk_espectaculo_idx` (`id_espectaculo`),
  CONSTRAINT `fk_esptipopago_espectaculo` FOREIGN KEY (`id_espectaculo`) REFERENCES `espectaculo` (`id_espectaculo`) ON DELETE NO ACTION ON UPDATE NO ACTION,
  CONSTRAINT `fk_esptipopago_tipo_pago` FOREIGN KEY (`id_tipo_pago`) REFERENCES `tipo_pago` (`id_tipo_pago`) ON DELETE NO ACTION ON UPDATE NO ACTION
) ENGINE=InnoDB DEFAULT CHARSET=utf8;
/*!40101 SET character_set_client = @saved_cs_client */;

--
-- Dumping data for table `espectaculo_tipo_pago`
--

LOCK TABLES `espectaculo_tipo_pago` WRITE;
/*!40000 ALTER TABLE `espectaculo_tipo_pago` DISABLE KEYS */;
/*!40000 ALTER TABLE `espectaculo_tipo_pago` ENABLE KEYS */;
UNLOCK TABLES;

--
-- Table structure for table `historial_entradas`
--

DROP TABLE IF EXISTS `historial_entradas`;
/*!40101 SET @saved_cs_client     = @@character_set_client */;
/*!40101 SET character_set_client = utf8 */;
CREATE TABLE `historial_entradas` (
  `id_historial_entradas` int(11) NOT NULL,
  `id_usuario` int(11) NOT NULL,
  `fecha_compra` varchar(45) NOT NULL,
  `id_vendedor` int(11) DEFAULT NULL,
  `id_portero` int(11) DEFAULT NULL,
  `fecha_verificacion` date DEFAULT NULL,
  `id_entrada` int(11) NOT NULL,
  PRIMARY KEY (`id_historial_entradas`),
  KEY `fk_histentr_usuario_idx` (`id_usuario`),
  KEY `fk_histentr_entrada_idx` (`id_entrada`),
  KEY `fk_histentr_portero_idx` (`id_portero`),
  KEY `fk_histentr_vendedor_idx` (`id_vendedor`),
  CONSTRAINT `fk_histentr_entrada` FOREIGN KEY (`id_entrada`) REFERENCES `entrada` (`id_entrada`) ON DELETE NO ACTION ON UPDATE NO ACTION,
  CONSTRAINT `fk_histentr_portero` FOREIGN KEY (`id_portero`) REFERENCES `portero` (`id_portero`) ON DELETE NO ACTION ON UPDATE NO ACTION,
  CONSTRAINT `fk_histentr_usuario` FOREIGN KEY (`id_usuario`) REFERENCES `usuario` (`id_usuario`) ON DELETE NO ACTION ON UPDATE NO ACTION,
  CONSTRAINT `fk_histentr_vendedor` FOREIGN KEY (`id_vendedor`) REFERENCES `vendedor` (`id_vendedor`) ON DELETE NO ACTION ON UPDATE NO ACTION
) ENGINE=InnoDB DEFAULT CHARSET=utf8;
/*!40101 SET character_set_client = @saved_cs_client */;

--
-- Dumping data for table `historial_entradas`
--

LOCK TABLES `historial_entradas` WRITE;
/*!40000 ALTER TABLE `historial_entradas` DISABLE KEYS */;
/*!40000 ALTER TABLE `historial_entradas` ENABLE KEYS */;
UNLOCK TABLES;

--
-- Table structure for table `portero`
--

DROP TABLE IF EXISTS `portero`;
/*!40101 SET @saved_cs_client     = @@character_set_client */;
/*!40101 SET character_set_client = utf8 */;
CREATE TABLE `portero` (
  `id_portero` int(11) NOT NULL AUTO_INCREMENT,
  `cedula` varchar(45) NOT NULL,
  `nombre` varchar(45) NOT NULL,
  `apellido` varchar(45) NOT NULL,
  `password` varchar(512) NOT NULL,
  PRIMARY KEY (`id_portero`)
) ENGINE=InnoDB DEFAULT CHARSET=utf8;
/*!40101 SET character_set_client = @saved_cs_client */;

--
-- Dumping data for table `portero`
--

LOCK TABLES `portero` WRITE;
/*!40000 ALTER TABLE `portero` DISABLE KEYS */;
/*!40000 ALTER TABLE `portero` ENABLE KEYS */;
UNLOCK TABLES;

--
-- Table structure for table `realizacion_espectaculo`
--

DROP TABLE IF EXISTS `realizacion_espectaculo`;
/*!40101 SET @saved_cs_client     = @@character_set_client */;
/*!40101 SET character_set_client = utf8 */;
CREATE TABLE `realizacion_espectaculo` (
  `id_realizacion_espectaculo` int(11) NOT NULL AUTO_INCREMENT,
  `id_espectaculo` int(11) NOT NULL,
  `fecha` datetime DEFAULT NULL,
  `id_sala` int(11) NOT NULL,
  PRIMARY KEY (`id_realizacion_espectaculo`),
  KEY `fk_sala_idx` (`id_sala`),
  KEY `fk_espectaculo_idx` (`id_espectaculo`),
  CONSTRAINT `fk_espectaculo` FOREIGN KEY (`id_espectaculo`) REFERENCES `espectaculo` (`id_espectaculo`) ON DELETE NO ACTION ON UPDATE NO ACTION,
  CONSTRAINT `fk_sala` FOREIGN KEY (`id_sala`) REFERENCES `sala` (`id_sala`) ON DELETE NO ACTION ON UPDATE NO ACTION
) ENGINE=InnoDB AUTO_INCREMENT=5 DEFAULT CHARSET=utf8;
/*!40101 SET character_set_client = @saved_cs_client */;

--
-- Dumping data for table `realizacion_espectaculo`
--

LOCK TABLES `realizacion_espectaculo` WRITE;
/*!40000 ALTER TABLE `realizacion_espectaculo` DISABLE KEYS */;
INSERT INTO `realizacion_espectaculo` VALUES (1,1,'2017-08-06 00:00:00',1),(2,1,'2017-06-14 00:00:00',1),(3,1,'2017-06-14 00:00:00',1),(4,1,'2017-06-14 00:00:00',1);
/*!40000 ALTER TABLE `realizacion_espectaculo` ENABLE KEYS */;
UNLOCK TABLES;

--
-- Table structure for table `sala`
--

DROP TABLE IF EXISTS `sala`;
/*!40101 SET @saved_cs_client     = @@character_set_client */;
/*!40101 SET character_set_client = utf8 */;
CREATE TABLE `sala` (
  `id_sala` int(11) NOT NULL AUTO_INCREMENT,
  `nombre` varchar(45) NOT NULL,
  `direccion` varchar(45) NOT NULL,
  `total_localidad` int(11) DEFAULT NULL,
  PRIMARY KEY (`id_sala`)
) ENGINE=InnoDB AUTO_INCREMENT=3 DEFAULT CHARSET=utf8;
/*!40101 SET character_set_client = @saved_cs_client */;

--
-- Dumping data for table `sala`
--

LOCK TABLES `sala` WRITE;
/*!40000 ALTER TABLE `sala` DISABLE KEYS */;
INSERT INTO `sala` VALUES (1,'sala1','direccion sala 1',500),(2,'stridasng','asdas',100);
/*!40000 ALTER TABLE `sala` ENABLE KEYS */;
UNLOCK TABLES;

--
-- Table structure for table `sector`
--

DROP TABLE IF EXISTS `sector`;
/*!40101 SET @saved_cs_client     = @@character_set_client */;
/*!40101 SET character_set_client = utf8 */;
CREATE TABLE `sector` (
  `id_sector` int(11) NOT NULL AUTO_INCREMENT,
  `nombre` varchar(45) NOT NULL,
  `capacidad` int(11) NOT NULL,
  `id_sala` int(11) NOT NULL,
  PRIMARY KEY (`id_sector`),
  KEY `fk_sala_idx` (`id_sala`),
  CONSTRAINT `fk_sector_sala` FOREIGN KEY (`id_sala`) REFERENCES `sala` (`id_sala`) ON DELETE NO ACTION ON UPDATE NO ACTION
) ENGINE=InnoDB AUTO_INCREMENT=3 DEFAULT CHARSET=utf8;
/*!40101 SET character_set_client = @saved_cs_client */;

--
-- Dumping data for table `sector`
--

LOCK TABLES `sector` WRITE;
/*!40000 ALTER TABLE `sector` DISABLE KEYS */;
INSERT INTO `sector` VALUES (1,'sector1',250,1),(2,'sector2',250,1);
/*!40000 ALTER TABLE `sector` ENABLE KEYS */;
UNLOCK TABLES;

--
-- Table structure for table `suscripcion_espectaculo`
--

DROP TABLE IF EXISTS `suscripcion_espectaculo`;
/*!40101 SET @saved_cs_client     = @@character_set_client */;
/*!40101 SET character_set_client = utf8 */;
CREATE TABLE `suscripcion_espectaculo` (
  `id_suscripcion` int(11) NOT NULL AUTO_INCREMENT,
  `fecha` date DEFAULT NULL,
  `id_usuario` int(11) DEFAULT NULL,
  `id_espectaculo` int(11) DEFAULT NULL,
  `id_realziacion_espectaculo` int(11) DEFAULT NULL,
  `id_tipo_espectaculoco` int(11) DEFAULT NULL,
  PRIMARY KEY (`id_suscripcion`),
  KEY `fk_suscEsp_espectaculo_idx` (`id_espectaculo`),
  KEY `fk_suscEsp_usuario_idx` (`id_usuario`),
  KEY `fk_susc_Real_Espectaculo_idx` (`id_realziacion_espectaculo`),
  KEY `fk_susc_Tipo_Espectaculo_idx` (`id_tipo_espectaculoco`),
  CONSTRAINT `fk_suscEsp_espectaculo` FOREIGN KEY (`id_espectaculo`) REFERENCES `espectaculo` (`id_espectaculo`) ON DELETE NO ACTION ON UPDATE NO ACTION,
  CONSTRAINT `fk_suscEsp_usuario` FOREIGN KEY (`id_usuario`) REFERENCES `usuario` (`id_usuario`) ON DELETE NO ACTION ON UPDATE NO ACTION,
  CONSTRAINT `fk_susc_Real_Espectaculo` FOREIGN KEY (`id_realziacion_espectaculo`) REFERENCES `realizacion_espectaculo` (`id_realizacion_espectaculo`) ON DELETE NO ACTION ON UPDATE NO ACTION,
  CONSTRAINT `fk_susc_Tipo_Espectaculo` FOREIGN KEY (`id_tipo_espectaculoco`) REFERENCES `tipo_espectaculo` (`id_tipo_espectaculo`) ON DELETE NO ACTION ON UPDATE NO ACTION
) ENGINE=InnoDB DEFAULT CHARSET=utf8;
/*!40101 SET character_set_client = @saved_cs_client */;

--
-- Dumping data for table `suscripcion_espectaculo`
--

LOCK TABLES `suscripcion_espectaculo` WRITE;
/*!40000 ALTER TABLE `suscripcion_espectaculo` DISABLE KEYS */;
/*!40000 ALTER TABLE `suscripcion_espectaculo` ENABLE KEYS */;
UNLOCK TABLES;

--
-- Table structure for table `tipo_espectaculo`
--

DROP TABLE IF EXISTS `tipo_espectaculo`;
/*!40101 SET @saved_cs_client     = @@character_set_client */;
/*!40101 SET character_set_client = utf8 */;
CREATE TABLE `tipo_espectaculo` (
  `id_tipo_espectaculo` int(11) NOT NULL AUTO_INCREMENT,
  `nombre` varchar(45) NOT NULL,
  PRIMARY KEY (`id_tipo_espectaculo`)
) ENGINE=InnoDB AUTO_INCREMENT=4 DEFAULT CHARSET=utf8;
/*!40101 SET character_set_client = @saved_cs_client */;

--
-- Dumping data for table `tipo_espectaculo`
--

LOCK TABLES `tipo_espectaculo` WRITE;
/*!40000 ALTER TABLE `tipo_espectaculo` DISABLE KEYS */;
INSERT INTO `tipo_espectaculo` VALUES (1,'Deportes'),(2,'Cine'),(3,'Teatro');
/*!40000 ALTER TABLE `tipo_espectaculo` ENABLE KEYS */;
UNLOCK TABLES;

--
-- Table structure for table `tipo_pago`
--

DROP TABLE IF EXISTS `tipo_pago`;
/*!40101 SET @saved_cs_client     = @@character_set_client */;
/*!40101 SET character_set_client = utf8 */;
CREATE TABLE `tipo_pago` (
  `id_tipo_pago` int(11) NOT NULL AUTO_INCREMENT,
  `nombre` varchar(45) NOT NULL,
  PRIMARY KEY (`id_tipo_pago`)
) ENGINE=InnoDB DEFAULT CHARSET=utf8;
/*!40101 SET character_set_client = @saved_cs_client */;

--
-- Dumping data for table `tipo_pago`
--

LOCK TABLES `tipo_pago` WRITE;
/*!40000 ALTER TABLE `tipo_pago` DISABLE KEYS */;
/*!40000 ALTER TABLE `tipo_pago` ENABLE KEYS */;
UNLOCK TABLES;

--
-- Table structure for table `usuario`
--

DROP TABLE IF EXISTS `usuario`;
/*!40101 SET @saved_cs_client     = @@character_set_client */;
/*!40101 SET character_set_client = utf8 */;
CREATE TABLE `usuario` (
  `id_usuario` int(11) NOT NULL AUTO_INCREMENT,
  `nombre` varchar(45) NOT NULL,
  `apellido` varchar(45) NOT NULL,
  `email` varchar(45) NOT NULL,
  `cedula` varchar(45) NOT NULL,
  `password` varchar(512) DEFAULT NULL,
  `gmail_token` varchar(512) DEFAULT NULL,
  PRIMARY KEY (`id_usuario`)
) ENGINE=InnoDB AUTO_INCREMENT=2 DEFAULT CHARSET=utf8;
/*!40101 SET character_set_client = @saved_cs_client */;

--
-- Dumping data for table `usuario`
--

LOCK TABLES `usuario` WRITE;
/*!40000 ALTER TABLE `usuario` DISABLE KEYS */;
INSERT INTO `usuario` VALUES (1,'santiago','apellido','santiago.taba@gmail.com','654321','49faaade493be8b6b6164ee67f7e4d101812a5dda970d6ca693dda8b8cf82e4b','');
/*!40000 ALTER TABLE `usuario` ENABLE KEYS */;
UNLOCK TABLES;

--
-- Table structure for table `vendedor`
--

DROP TABLE IF EXISTS `vendedor`;
/*!40101 SET @saved_cs_client     = @@character_set_client */;
/*!40101 SET character_set_client = utf8 */;
CREATE TABLE `vendedor` (
  `id_vendedor` int(11) NOT NULL AUTO_INCREMENT,
  `nombre` varchar(45) NOT NULL,
  `apellido` varchar(45) NOT NULL,
  `email` varchar(45) NOT NULL,
  `cedula` varchar(45) NOT NULL,
  `password` varchar(512) NOT NULL,
  PRIMARY KEY (`id_vendedor`)
) ENGINE=InnoDB DEFAULT CHARSET=utf8;
/*!40101 SET character_set_client = @saved_cs_client */;

--
-- Dumping data for table `vendedor`
--

LOCK TABLES `vendedor` WRITE;



insert into tipo_espectaculo values (1,'Deportes');
insert into tipo_espectaculo values (2,'Cine');
insert into tipo_espectaculo values (3,'Teatro');


-- Dump completed on 2017-05-06 14:49:00
